user_input,retrieved_contexts,response,reference,faithfulness,answer_relevancy,context_recall
变应性鼻炎的典型症状有哪些？,"['fmx_T3RoZXJNaXJyb3Jz\n中华耳鼻咽喉头颈外科杂志 2022 年 2 月第 57 卷第 2 期 Chin J Otorhinolaryngol Head Neck Surg , February 2022 , Vol . 57 , No . 2\n三 、 感染性鼻炎\n由病毒或细菌感染引起 ， 病程短 ， 一般为 7 ~ 10 d 。\n鼻部症状与 AR 类似 ， 常伴有发热 、 头痛 、 乏力 、 四肢\n酸痛等全身不适症状 。 过敏原检测阴性 ， 嗜酸粒细\n胞数正常 。 急性细菌感染者 ， 外周血白细胞总数及\n中性粒细胞数增加 。\n四 、 激素性鼻炎\n人体内分泌激素水平发生生理和病理改变时\n出现的鼻部症状 ， 发病与性激素 、 甲状腺素 、 垂体激\n素等有关\n［ 42 ］\n， 常见症状为鼻塞 、 流涕 。 过敏原检测\n阴性 ， 嗜酸粒细胞数正常 。\n五 、 药物性鼻炎\n鼻腔长期使用减充血剂所致 ， 主要症状为鼻\n塞 。 下鼻甲红肿 、 充血 、 肥大 、 弹性差 ， 可呈结节状\n或桑椹样 ， 减充血剂的收缩效果差\n［ 43 ］\n。 过敏原检测\n阴性 ， 嗜酸粒细胞数正常 。', '清特异性 IgE 阳性 ， 或鼻激发试验阳性 。\nAR 的诊断应根据患者典型的过敏病史 、 临床\n表现以及与其一致的过敏原检测结果而作出 。 过\n敏原检测通常需要将体内和体外检测相结合 ， 且充\n分结合临床病史 ， 以判断患者是由何种过敏原致\n敏 ， 以及致敏的程度与疾病症状的关系 。\n鉴别诊断\n一 、 血管运动性鼻炎\n又称特发性鼻炎 ， 发病机制不明 ， 可能与鼻黏\n膜自主神经功能障碍有关\n［ 40 ］\n。 诱发因素包括冷空\n气 、 强烈气味 、 烟草烟雾 、 挥发性有机物 、 摄入乙醇\n饮料 、 体育运动 、 强烈的情感反应等 。 主要症状是\n发作性喷嚏 、 大量清涕 。 血清总 IgE 正常 ， 过敏原\n检测阴性 ， 嗜酸粒细胞数正常 。\n二 、 非变应性鼻炎伴嗜酸粒细胞增多综合征\n是一类以嗜酸 粒细胞增多为特征的非变应性鼻\n炎 ， 发病机制不明 ， 主要症状与 AR 相似 ， 但症状较重 ，\n常伴有 嗅觉减退或丧失 。 过敏原检测阴性 ， 鼻激发\n试验阴性 ； 嗜酸粒细胞异常增多 ， 其判断标准为鼻分\n泌物中嗜酸粒细胞数超过粒细胞和单核细胞数 （ 除', 'Chinese Medical Association\n前 言\n变应性鼻炎 （ AR ） 是特应性个体暴露于过敏原\n（ 变应原 ） 后主要由免疫球蛋白 E （ immunoglobulin\nE ， IgE ） 介导的鼻黏膜非感染性慢性炎性疾病 。 国\n内外大量的流行病学调查显示 ， 近年来 AR 的患病\n率显著增加 ， 已成为主要的呼吸道慢性炎性疾病 ，\n给患者生活质量和社会经济带来严重影响 。 虽然\n国内外 20 余年来 AR 临床指南已更新数次 ， 但在实\n际应用中仍有诊断和治疗不规范或理论与临床实\n践脱节等诸多现象 ， 不仅影响疗效 ， 且造成医疗资\n源的巨大消耗 。 因此 ， 有必要在医疗卫生保健的各\n个层面采取积极有效的防控措施 ， 包括制 （ 修 ） 订切\n实 可 行 的 临 床 指 南 以 提 高 诊 疗 水 平 和 加 强 疾 病\n管理 。\n针对我国 AR 患病率迅速上升以及对 AR 认识\n的诸多误区和诊疗上的问题 ， 本刊曾先后发表了\n“ 乌 鲁 木 齐 （ 1990 ） ”\n［ 1 ］\n、 “ 海 口 （ 1997 ） ”\n［ 2 ］\n、 “ 兰 州', 'and Critical Care Medicine，the First Affiliated Hospital of Chongqing Medical University， Chongqing\n400016,China，Email：hopehon92003@126．corn 一、定义与分类\n急性上呼吸道感染(upper\nrespiratory tract infection，URTI，简称上感)是由各种病毒和／或细\n菌引起的主要侵犯鼻、咽或喉部急性炎症的总称。\n以病毒多见，占70％。80％，细菌感染占20％～30％。\n根据病因和病变范围的不同，分为以下类型“3：\n(一)普通感冒\n又称急性鼻炎或上呼吸道卡他，以鼻咽部卡他\n症状为主要临床表现。起病较急，发病同时或数小\n时后可有喷嚏、鼻塞、流清水样鼻涕等症状。2～\n3\nd后鼻涕变稠，常伴咽痛、流泪、味觉减退、呼吸不 畅、声嘶等。一般无发热及全身症状，或仅有低热、\n不适、轻度畏寒、头痛。体检可见鼻腔黏膜充血、水\n肿、有分泌物，咽部轻度充血。一般5～7\nd可痊愈。 (二)急性病毒性咽炎或喉炎\n1．急性病毒性咽炎：临床特征为咽部发痒或灼', '收稿日期 2021 - 12 - 28 本文编辑 方祎\n引用本文 ： 中华耳鼻咽喉头颈外科杂志编辑委员会鼻科组 ， 中华医学会耳鼻咽喉头颈外科学分会鼻科学\n组 . 中国变应性鼻炎诊断和治疗指南 （ 2022 年 ， 修订版 ） [ J ]. 中华耳鼻咽喉头颈外科杂志 , 2022 , 57 ( 2 ):\n106 - 129 . DOI : 10 . 3760 /cma . j . cn 115330 - 20211228 - 00828 .\n·· 106', 'status in seasonal allergic rhinitis patients [ J ]. ORL J\nOtorhinolaryngol Relat Spec , 2010 , 72 ( 2 ): 84 ‐ 90 . DOI :\n10 . 1159 / 000297576 .\n[ 207 ] 锡琳 , 韩德民 , 吕晓飞 , 等 . 变应性鼻炎患者的心理学特点\n及影响因素分析 [ J ]. 中华耳鼻咽喉头颈外科杂志 , 2009 ,\n44 ( 12 ): 982 ‐ 985 . DOI : 10 . 3760 /cma . j .\nissn . 1673 ‐ 0860 . 2009 . 12 . 005 .\n[ 208 ] 锡琳 , 张伟 , 赵岩 , 等 . 变应性鼻炎患者心理人格特征研究\n[ J ]. 中 华 耳 鼻 咽 喉 头 颈 外 科 杂 志 , 2011 , 46 ( 8 ): 646 ‐ 649 .\nDOI : 10 . 3760 /cma . j . issn . 1673 ‐ 0860 . 2011 . 08 . 007 .', '痛，鼻腔常可见大片组织坏死形成的黑色或褐色\n物质。\n真菌球型鼻窦炎为临床常见类型 ，以上颌窦和\n蝶窦多见 ，主要表现为鼻腔血性分泌物 ，伴或不伴\n鼻 塞，常 见 头 痛，鼻 窦 CT 可 见 窦 内 密 度 增 高 钙\n化影。\n变应性真菌性鼻窦炎是由真菌过敏原引起的\n鼻窦黏膜Ⅰ型变态反应性炎症 ，常合并鼻息肉 。组\n织病理学检查可见真菌染色阳性 、明显的嗜酸粒细\n胞黏蛋白 、Charcot⁃Leyden 晶体、无真菌侵犯鼻窦组\n织等特点 。CT 特征性影像改变为鼻窦窦腔内密度\n不均匀的软组织影 ，可伴有窦腔扩大 ；MRI 上 T1 和\nT2 序 列 均 可 见 信 号 空 洞。外 周 血 嗜 酸 粒 细 胞 增\n多，窦腔分泌物真菌培养阳性\n［3］\n。\n二、后鼻孔息肉\n后鼻孔息肉可由窦口穿出并突入至后鼻孔 ，分\n别占成人鼻息肉的 10% 和儿童鼻息肉的 33%\n［84⁃85］\n。\n息肉可起源自上颌窦 、蝶窦和筛窦等部位 ，源自上\n颌窦者最常见\n［86］\n，多为单侧 。常见症状为鼻塞 ，内\n镜下可见鼻腔后部光滑息肉样新生物 ，蒂多源自中', '气管组织重塑相比 ， AR 鼻腔组织的重塑较轻微 。\n研究显示 ， 某些患者在缺乏全身致敏的情况下\n也会出现类似于经典 AR 的临床表现 ， 其鼻黏膜存\n在特异性 IgE ， 鼻激发试验阳性 ， 被称为 “ 局部变应\n性鼻炎 ”\n［ 25 ］\n， 但其发病机制 、 临床和流行病学特征有\n待进一步明确 。\n临床分类\n关于 AR 的分类 ， 目前仍主要是基于病程 （ 间歇\n性 和 持 续 性 ） 和 对 生 活 质 量 的 影 响 程 度 （ 轻 度 和\n中 ‑ 重度 ） 的临床分型 ， 同时也保留季节性和常年性\n的分类\n［ 5 ， 17 ］\n。 这些分类和基本临床分型可以认为\n是 AR 的基本表型 （ phenotype ）\n［ 26 ］\n。 有关鼻窦炎内\n在型 （ endotype ） 的研究已取得进展 ， 可引导更精准\n的临床诊疗\n［ 27 ］\n， 但 AR 内在型研究尚缺乏足够的证\n据支持 ， 目前临床仍沿用 “ 天津 （ 2015 ） ” 诊疗指南和\n变应性鼻炎及其对哮喘的影响 （ ARIA ） 推荐的疾病\n分类和严重程度判定方法\n［ 28 - 29 ］\n。']",发作性喷嚏、大量清涕。,打喷嚏、清水样涕、鼻痒、鼻塞，可伴眼痒、流泪、咽痒、夜间打鼾,0.0,0.2647094162165143,0.0
急性上呼吸道感染(普通感冒)主要临床表现是什么？,"['and Critical Care Medicine，the First Affiliated Hospital of Chongqing Medical University， Chongqing\n400016,China，Email：hopehon92003@126．corn 一、定义与分类\n急性上呼吸道感染(upper\nrespiratory tract infection，URTI，简称上感)是由各种病毒和／或细\n菌引起的主要侵犯鼻、咽或喉部急性炎症的总称。\n以病毒多见，占70％。80％，细菌感染占20％～30％。\n根据病因和病变范围的不同，分为以下类型“3：\n(一)普通感冒\n又称急性鼻炎或上呼吸道卡他，以鼻咽部卡他\n症状为主要临床表现。起病较急，发病同时或数小\n时后可有喷嚏、鼻塞、流清水样鼻涕等症状。2～\n3\nd后鼻涕变稠，常伴咽痛、流泪、味觉减退、呼吸不 畅、声嘶等。一般无发热及全身症状，或仅有低热、\n不适、轻度畏寒、头痛。体检可见鼻腔黏膜充血、水\n肿、有分泌物，咽部轻度充血。一般5～7\nd可痊愈。 (二)急性病毒性咽炎或喉炎\n1．急性病毒性咽炎：临床特征为咽部发痒或灼', '•• 1\nCJITWM 中国中西医结合杂志\n中成药治疗小儿急性上呼吸道感染临床应用指南\n（2020 年）\n《中成药治疗优势病种临床应用指南》标准化项目组\n基金项目： 国家中医药管理局《中成药治疗优势病种临床应用指\n南》标准化项目（No. SATCM-2015-BZ402)\n通讯作者： 马 融，Tel：022-27986100，E-mail：mr1974@163.\ncom\nDOI：10. 7661/j. cjim. 20210120. 135\n• 指 南 •\n1 背景及目的和意义 小儿急性上呼吸道感染是指\n鼻腔，咽或喉部急性炎症的总称，亦常用“感冒” “急性咽\n炎\n” “急性扁桃体炎” “疱疹性咽峡炎”等名词诊断， 统称\n为上呼吸道感染， 简称“上感” ，是小儿最常见的急性感染\n性疾病\n[1]\n。病原体 90% 以上是由病毒感染引起\n[2]\n，常见\n有鼻病毒、柯萨奇病毒、流感病毒、副流感病毒、呼吸道\n合\n胞病毒、冠状病毒等。小儿急性上呼吸道感染全年都可\n发\n生，冬春季较多，门诊发病率在 61% ，5 岁以下小儿平\n均每人每年发生 4~6 次\n[1]\n。目前尚无专门针对普通感冒的', '为\n辅、经验为鉴”原则，参考当前最佳证据，制定了中国\n《\n中成药治疗小儿急性上呼吸道感染临床应用指南》 ，规范\n中成药的使用，指导全国各级各类医院医疗实践。\n本指南适用于 18 周 岁以下人群上感的治疗。本指南\n适用于各级医院儿科专业或小儿呼吸内科专业的临床执业\n医师，相关的护理人员和药师也可参考使用。若为细菌性\n急\n性上呼吸道感染 ， 请在合理使用抗菌药物的前提下应用\n本指南。\n2 指南制定方法\n2.1 临床问题构建 通过对国医大师、 临床知名专家\n访谈及专家咨询和问卷调查的方式形成本指南研究拟解决\n的重要临床问题 ，\n 共 5 个： （1）中药治疗小儿急性上呼吸\n道感染的剂量 、 疗程、优势点？ （2）不辨证使用中药是否\n对疗效有影响？ （3）是否可超说明书使用中成药？ （4）小\n儿急性上呼吸道感染是否有必要使用抗生素？（ 5）药物不\n良反应？\n2.2 中成药遴选  通 过文献检索中获得 71 种具有\n临床随机对照试验（ randomized controlled trial ，RCT）\n证据支持的药品； 经药智网中成药数据库补充检索 92 种，', '需要注意是否出现并发症。上呼吸道感染后,咳嗽\n症状持续超过3 周 (通 常 不 会 超 过 8 周), 但 影 像\n学无异常,被认为是一种独立疾病,称为感染后咳\n嗽 [58];感冒 症 状 持 续 超 过 10d或 5d后 感 冒 症 状\n恶化被 定 义 为 急 性 病 毒 感 染 后 鼻 副 鼻 窦 炎 [2], 见\n图2。继发 ABRS可出现呼气臭味和上颚牙痛等特\n征性表现,发热可≥38 ℃\n[59-60]。SARS-CoV-2δ和\nο变异 株 感 染 具 有 局 限 于 上 呼 吸 道 特 点, 这 点 与\nRV 和 感 冒 型 冠 状 病 毒, 如 HCoV-229E、HCoV-\nOC43、HCoV-NL63 和 HCoV-HKU1, 有 相 似 之\n处 [61]。依据临 床 综 合 征 和 持 续 时 间 诊 断 感 冒, 应\n细致地与其他相似疾病作鉴别诊断,见表4。\n3 治疗\n成人普通感冒治疗推荐和循证医学证据见表5。\n问题 NQ4: 对 于 成 人 感 冒, 哪 类 人 群 最 需 要\n积极防治?\n推荐意见 5: 对 于 因 感 冒 而 易 于 继 发 CAP 或', '充血、水肿、咽痛等症状者，可应用盐酸伪麻黄碱等\n可选择性收缩上呼吸道黏膜血管的药物，也可用\n1％麻黄碱滴鼻。有频繁喷嚏、多量流涕等症状的\n患者，可酌情选用马来酸氯苯那敏、氯雷他定或苯\n海拉明等抗过敏药物。临床常用于缓解感冒症状\n的药物均为复方非处方药(OTC)制剂。因为这类\n药物有头晕、嗜睡等不良反应，故宜在睡前服用，驾\n驶员和高空作业者避免使用。临床常用抗感冒药\n复方制剂的组成成分及作用见表2。\n(4)镇咳：对于咳嗽症状较为明显者，可给予氢\n溴酸右美沙芬、可待因等镇咳药b1。\n2．病因治疗：\n(1)抗病毒药物治疗【41：一般无需进行积极抗\n病毒治疗。\n(2)抗菌药物治疗：单纯病毒感染无需使用抗\n菌药物，有外周血白细胞计数升高、咽部脓苔、咳黄\n痰等细菌感染证据时，可酌情使用青霉素、第一代\n头孢菌素、大环内酯类或喹诺酮类。极少需要根据\n病原菌选用敏感的抗菌药物。\n万方数据', '空堡全型堕堕苤查!Q!!生!旦笙!!鲞箜!塑垦!边』鱼塑旦翌!!!塑型!Q!!!!!!：!!!№．!\n咽痛。\n2．查体：鼻腔黏膜、咽部充血、水肿、有分泌物，\n颌下淋巴结肿大且触痛，扁桃体肿大、充血，表面有\n黄色脓性分泌物。肺部常无异常体征，如存在上气\n道梗阻，可闻及喉部的喘呜音。\n3．辅助检查：\n(1)外周血常规：病毒性感染时外周血白细胞\n计数正常或偏低，淋巴细胞比例升高；细菌性感染\n时，外周白细胞总数和中性粒细胞比例增多，有核\n左移现象。\n(2)X线胸片检查：一般无需此项检查，如需鉴\n别肺炎时可考虑。\n(二)诊断方法\n根据病史、流行病学、鼻咽部的症状体征，结合\n周围血象可作出临床诊断，一般无需病因诊断。\n(三)诊断标准与诊断流程图\n上感的诊断标准与流程见图1陉3。\n注：1\nmmHg=0．133 kPa 图1急性上呼吸道感染诊断流程\n(四)鉴别诊断\n上感需与初期表现为感冒样症状的其他疾病\n相鉴别，如过敏性鼻炎、流行性感冒、急性传染病前\n驱症状(麻疹、流行性出血热、流行性脑脊髓膜炎、\n脊髓灰质炎、伤寒、斑疹伤寒)。\n(五)基层医疗机构转诊指征', '慢性结构性肺病 (如支气管扩张、慢性阻塞性肺疾病和肺纤维化) 者\n免疫低下者 造血干细胞移植 患 者、HIV 阳 性 和 普 通 变 异 型 免 疫 缺 陷 病 (伴 有 低 丙 种 免 疫 球 蛋 白) 者、 正 在 和\n(或) 长期使用免疫抑制剂者\n孕妇 流感病毒、新型冠状病毒感染\n胎儿 孕妇妊娠早期感染发热可导致胎儿先天畸形概率增加\n  注:a 参照正文第3节归纳总结\n表4 普通感冒的诊断和鉴别诊断a\n诊断 症状起始 咳嗽 咽痛 流涕 鼻塞 打喷嚏 颌面痛 头痛 呼吸困难 发热\n普通感冒 骤起 常见,干咳 常见 常见 常见 常见 无 常见,轻 无 无或低热\n变应性鼻炎 渐起,季节性\n或常年性\n常见,慢性 可 有, 多 见\n睡醒时\n常见,突出 常见 突出 无 不常见 少见 或 可 有, 如 合\n并支气管哮喘\n无\n流行性感冒 骤 起, 冬 季\n多发\n常见,剧烈干咳 常见 常见 可能 少见 无 明显 不常 见, 除 非 发 生\n流感病毒肺炎\n骤起,高热\n急性支气管炎 渐起 突出,持续, 干\n咳或伴咳痰\n常见 少见 少见 少见 无 不常见,轻 常见 无或低热', '均每人每年发生 4~6 次\n[1]\n。目前尚无专门针对普通感冒的\n特异性抗病毒药物 ， 临床主要采用对症治疗，如解热镇痛\n剂、鼻充血减轻剂 、 抗组胺药、镇咳药、祛痰药等，欧美\n等国家建议除解热镇痛药物外 ， 非处方类感冒咳嗽药不用\n于 2~6 岁 以下儿童\n[3]\n； 且国内临床存在抗生素过度使用的\n情况\n[4]\n。中药治疗本病独具特色，具有缩短病程及退热时\n间，改善咳嗽、 鼻塞、流涕、咽红等临床症状和体征的功\n效，临床使用有较高的安全性和有效性 。 然而用药过程中\n存在辨证不准确， 使用不恰当情况，存在重复、叠加用药，\n容易增加腹泻 、 恶心等不良反应。为此，国家中医药管理\n局立项《中成药治疗优势病种临床应用指南》标准化项目，\n由\n中国中药协会承担 ， 由天津中医药大学第一附属医院、\n北京儿童医院牵头 ， 组织行业内中西医临床专家、指南研\n究方法学专家 、 药学专家成立中成药治疗小儿急性上呼吸\n道感染指南研究课题组 ， 遵照 GRADE 方法，并依据世界\n卫生组织（WHO）指南制定手册，遵循“循证为主、共识\n为\n辅、经验为鉴”原则，参考当前最佳证据，制定了中国\n《']",喷嚏、鼻塞、流清水样鼻涕，2-3天后鼻涕变稠，常伴咽痛、流泪、味觉减退、呼吸不畅、声嘶等。一般无发热及全身症状，或仅有低热、不适、轻度畏寒、头痛。,鼻塞、流涕、咽痛、低热、轻微咳嗽，全身症状轻，病程自限,0.7857142857142857,0.31199607554254927,1.0
慢性鼻窦炎的主要症状和诊断标准是什么？,"['序号\n1\n2\n3\n4\n5\n6\n问题\n慢性鼻窦炎患者如何选择糖皮质激素治疗 ？\n严重鼻窦炎伴有鼻息肉患者选择何种手术方式 ？\n慢性鼻窦炎合并变应性鼻炎和 /或哮喘患者是否推\n荐使用过敏原特异性免疫治疗 ？\n治疗效果不佳的鼻窦炎是否使用生物制剂 ？\n2 型、嗜酸性慢性鼻窦炎的诊断依据 ？\n慢性鼻窦炎预后不良的预测指标有哪些 ？\n·· 234', 'Chinese Medical Association\n前  言\n慢性鼻窦炎（CRS）是耳鼻咽喉头颈外科的常\n见多发病 ，其病因学及病理生理机制复杂 。在《中\n国慢性鼻窦炎诊断和治疗指南（2018） 》及欧洲鼻窦\n炎和鼻息肉意见书 （EPOS）2020 年版发表后 ，国际\n上 CRS 相关免疫病理学以及包括生物治疗在内的\n临床治疗研究均取得了显著进展 ；我国 CRS 的临床\n诊疗和科学研究水平也迅速提高 ，基于临床表型和\n免疫病理分型的 CRS 发病机制、免疫病理学特征及\n相关临床预后研究 ，以及生物制剂临床治疗的随机\n对照试验（RCT）研究等取得了具有国际前沿水平\n的成果 ，促进了 CRS 诊疗策略的个体化和精细化 。\n为顺应临床诊疗研究和实践的发展需求 ， 《中华耳\n鼻咽喉头颈外科杂志》编辑委员会鼻科组联合中华\n医学会耳鼻咽喉头颈外科学分会鼻科学组 ，决定对\n《中国慢性鼻窦炎诊断和治疗指南 （2018） 》进行修\n订。本次修订基于我国循证医学研究的结果 ，针对\n备受瞩目的临床若干问题进行重新审定 、补充完\n善，使之更易于临床推广应用 。需要指出的是 ，鼻', '痛，鼻腔常可见大片组织坏死形成的黑色或褐色\n物质。\n真菌球型鼻窦炎为临床常见类型 ，以上颌窦和\n蝶窦多见 ，主要表现为鼻腔血性分泌物 ，伴或不伴\n鼻 塞，常 见 头 痛，鼻 窦 CT 可 见 窦 内 密 度 增 高 钙\n化影。\n变应性真菌性鼻窦炎是由真菌过敏原引起的\n鼻窦黏膜Ⅰ型变态反应性炎症 ，常合并鼻息肉 。组\n织病理学检查可见真菌染色阳性 、明显的嗜酸粒细\n胞黏蛋白 、Charcot⁃Leyden 晶体、无真菌侵犯鼻窦组\n织等特点 。CT 特征性影像改变为鼻窦窦腔内密度\n不均匀的软组织影 ，可伴有窦腔扩大 ；MRI 上 T1 和\nT2 序 列 均 可 见 信 号 空 洞。外 周 血 嗜 酸 粒 细 胞 增\n多，窦腔分泌物真菌培养阳性\n［3］\n。\n二、后鼻孔息肉\n后鼻孔息肉可由窦口穿出并突入至后鼻孔 ，分\n别占成人鼻息肉的 10% 和儿童鼻息肉的 33%\n［84⁃85］\n。\n息肉可起源自上颌窦 、蝶窦和筛窦等部位 ，源自上\n颌窦者最常见\n［86］\n，多为单侧 。常见症状为鼻塞 ，内\n镜下可见鼻腔后部光滑息肉样新生物 ，蒂多源自中', '95%CI：1.11~10.78）及 失 眠 发 生 率 较 对 照 组 增 加\n（RR=3.63，95%CI：1.10~11.95） 。\n表 5 GRADE 证据质量与推荐强度分级\n类别\n证据质量分级\n高\n中\n低\n极低\n推荐强度分级\n强\n弱\n具体描述\n非常有把握 ：观察值接近真实值\n对观察值有中等把握 ：观察值有可能接近真实\n值，但也有可能差别很大\n对观察值的把握有限 ：观察值可能与真实值有\n很大差别\n对观察值几乎没有把握 ：观察值与真实值可能\n有极大差别\n明确显示干预措施利大于弊或弊大于利\n利弊不确定或无论质量高低的证据均显示利\n弊相当\n表 6 指南问题及推荐意见\n问题\n1. 慢性鼻窦炎患者如何选择糖皮质激素治疗 ？\n2. 严重鼻窦炎伴有鼻息肉患者选择何种手术方式 ？\n3. 慢性鼻窦炎预后不良的预测指标有哪些 ？\n推荐意见\n推荐 CRS 患者使用鼻喷激素治疗改善鼻塞症状及鼻息肉评分（强推荐，高质量证据）\n推荐 CRSwNP 患者使用鼻喷激素治疗以改善患者嗅觉及降低挽救性手术率 （强推荐，极\n低质量证据）', '备受瞩目的临床若干问题进行重新审定 、补充完\n善，使之更易于临床推广应用 。需要指出的是 ，鼻\n窦黏膜的慢性炎症也可继发于其他具有特定诊断\n标准和治疗方法的实体疾病 ，如牙源性疾病 、真菌\n感染或侵袭 、囊性纤维化 、原发性纤毛不动综合征 、\n血管炎 、免疫球蛋白（Ig）G4 相关疾病和免疫缺陷\n等，本指南所指 CRS 不包括这些特殊类型的鼻窦黏\n膜慢性炎症 。\n定义与分类\n一、定义\nCRS 是鼻窦黏膜的慢性炎性疾病 ，病程超过\n12 周。\n二、分型\n1. 临床分型 ：CRS 在临床上可以分为慢性鼻窦\n炎不伴鼻息肉（CRSsNP）和慢性鼻窦炎伴有鼻息肉\n（CRSwNP）两种表型（phenotype） 。\n2. 内在型（endotypes） ：主要指免疫病理分型 。\n根据组织嗜酸粒细胞浸润情况 ，可将 CRS 分为\n嗜酸粒细胞性 CRS 和非嗜酸粒细胞性 CRS 两种 。\n因缺乏具有共识性的分型参考标准 ，目前主要有基\n于临床正常值 、临床结局和专家意见 3 种界定方\n法： （1）根据统计学原理以正常对照鼻黏膜嗜酸粒\n细胞百分比的均值加上 2 倍标准差作为截断值 ，建', '系统评价方法学质量评价工具\n抗中性粒细胞包质抗体\n变应性鼻炎\nC⁃C 模体趋化因子配体\n慢性鼻窦炎\n慢性鼻窦炎不伴鼻息肉\n慢性鼻窦炎伴有鼻息肉\n 欧洲过敏和临床免疫学学会\n扩大切除内镜鼻窦手术\n嗜酸粒细胞胞外诱捕网\n欧洲鼻窦炎和鼻息肉意见书\n内镜鼻窦手术\n功能性内镜鼻窦手术\n粒细胞集落刺激因子\n推荐意见分级的评估 、制订及评价\n2021 鼻窦炎国际共识\n干扰素\n免疫球蛋白\n影像导航手术\n白细胞介素\n2 型固有淋巴细胞\n非甾体抗炎药加重的呼吸道疾病\n中性粒细胞胞外诱捕网\n鼻泪管\n鼻息肉评分\n人群、干预、对照和结局\n嗅觉障碍生活质量负陈述调查问卷\n随机对照试验\n卫生保健实践指南的报告条目\n健康调查简表\n鼻腔鼻窦结局测试 22\n辅助性 T 细胞\n肿瘤坏死因子\n组织型纤溶酶原激活剂\n调节性 T 细胞\n胸腺基质淋巴细胞生成素\n宾夕法尼亚大学嗅觉识别测试\n视觉模拟量表\n·· 238', '。\n三 、 慢性鼻窦炎\n流行病学调查显示 ， 慢性鼻窦炎与 AR 关系密\n切\n［ 50 ］\n， 慢性鼻窦炎患者的过敏原检测阳性率可达\n53 %\n［ 51 ］\n。 AR 引起鼻黏膜肿胀和黏膜纤毛清除功能\n障碍 ， 影响慢性鼻窦炎的严重程度和治疗效果\n［ 52 - 53 ］\n。\n四 、 上气道咳嗽综合征\n鼻腔鼻窦炎性疾病引起鼻分泌物倒流至鼻后\n和咽喉等 部位 ， 直接或间接刺激咳嗽感受器 ， 导致\n以咳嗽为主要临床表现的一类疾病称为上气道咳嗽\n综合征 ， 是儿童和成人慢性咳嗽的常见病因\n［ 54 - 55 ］\n。\n五 、 分泌性中耳炎\n是以中耳积液 （ 包括浆液 、 黏液 、 浆 ‑ 黏液 ） 及听\n力下降为主要特征的中耳非化脓性炎性疾病 ， 患者\n常伴有耳胀 、 耳闷 、 耳痛等耳部症状 。 AR 可能是儿\n童分泌性中耳炎的发病相关因素之一\n［ 22 ］\n。\n六 、 睡眠障碍\nAR 对睡眠的影响是多因素的 ， 鼻塞是睡眠障\n碍的重要原因之一 ， AR 的严重程度与睡眠障碍密\n切相关\n［ 56 ］\n。 诊断 AR 时应注意详细询问病史 ， 评估\n对睡眠的影响 。\n七 、 特应性皮炎', '慎重选择\n［28， 187⁃188］\n。\n1. 鼻窦开放术（sinusotomy） ：主要适用于相对\n独立的单个鼻窦或局部的单侧或双侧病变 ，如孤立\n性上颌窦 、额窦、蝶窦或筛窦病变等 。常用的术式\n即为内镜下相应的单个鼻窦 、2~3 个鼻窦或局部病\n变切除和 /或开放术 ，包括上颌窦 、额窦 、蝶窦开放\n术或筛窦开放术 ，术中保留鼻甲及窦腔黏膜 。\n2. 鼻 窦 球 囊 扩 张 术（balloon sinuplasty） ：通 过\n导丝或导航引导鼻窦球囊进入并扩大鼻窦窦口 ，并\n通过盐水或药物盥洗的方式 ，促进黏膜炎症的恢\n复。适用于以窦口阻塞为主要特征的非筛窦区域\n的轻症鼻窦炎\n［189］\n。可以单独进行或在鼻窦开放术\n的基础上进行 。\n3. 全组鼻窦开放术 （full⁃house FESS） ：主要内\n容包括切除筛窦间隔的筛窦开放 、Draf Ⅱa 型额窦\n开放 ，以及上颌窦和蝶窦开放 ，保留中鼻甲及鼻窦\n内 黏 膜。 该 术 式 从 入 路 角 度 也 分 为 由 前 向 后 的\nMesserklinger 术式和从后（蝶窦）向前的 Wigand 术']",慢性鼻窦炎是鼻窦黏膜的慢性炎性疾病，病程超过12周。,症状：鼻塞、流脓涕、头面部胀痛、嗅觉下降；诊断：症状≥12周+内镜/影像表现,1.0,0.3270466588378459,0.5
变应性鼻炎和血管运动性鼻炎怎么区分？,"['动血管平滑肌 α 受体 ， 引起血管平滑肌收缩 ， 减少\n局部组织液生成 。 局部应用于鼻腔时 ， 可减轻鼻腔\n黏膜充血 、 肿胀状态 ， 迅速缓解鼻塞 。 减充血剂有\n两种 ， 第一种为非选择性受体激动的拟交感胺类 ，\n包括肾上腺素和麻黄碱等 ， 可以同时兴奋 α 和 β 肾\n上腺素能受体 ， 全身及局部不良反应较明显 ； 第二\n种为选择性受体激动的半拟交感胺类 （ 咪唑啉衍生\n物类 ） ， 包括羟甲唑啉 、 赛洛唑啉 、 萘甲唑啉等 ， 是目\n前常用的鼻腔减充血剂 。 减充血剂使用不当可致\n药物性鼻炎\n［ 113 ］\n。\n鼻用减充血剂可快速有效缓解鼻塞 ， 在鼻用激\n素之前应用时 ， 能扩大糖皮质激素在鼻腔的分布范\n围 ， 增强其抗炎作用 。 因此鼻用减充血剂仍然为国\n内外指南推荐治疗鼻炎的二线治疗药物 ， 临床酌情\n使用\n［ 6 ， 114 ］\n。 为减少其不良反应 ， 建议尽量选择咪唑\n啉类药物的鼻喷剂型 ， 同时建议选用较低浓度的制\n剂 ， 连续用药不超过 2 周 ， 儿童患者更需注意 。\n鼻用减充血剂的常见不良反应有鼻腔干燥 、 烧', '。CT 和 MRI 增强扫描 ，必要时配合\n磁共振血管造影 ，可以清晰显示强化明显的肿瘤 、\n骨质和大血管之间的毗邻关系 。如临床怀疑为鼻\n咽纤维血管瘤 ，禁忌术前活检 。术前行数字减影血\n管造影和血管栓塞可减少术中出血量\n［98］\n。\n五、鼻腔鼻窦恶性肿瘤\n鼻 腔 和 鼻 窦 恶 性 肿 瘤 仅 占 全 身 恶 性 肿 瘤 的\n1%，占头颈部恶性肿瘤的 3%\n［99］\n。病理类型多样 ，\n主要包括鳞状细胞癌 、嗅神经母细胞瘤和腺样囊性\n癌等，以鳞状细胞癌最多见 。临床症状与受累部位\n有关，可表现为鼻塞 、涕中带血 、面部或牙齿麻木 、\n突眼或眼球运动障碍等 。鼻内镜下可见不规则新\n生物，鼻窦 CT 和 MRI 有助于鉴别诊断 ，确诊有赖于\n组织病理学检查 。\n六、血管炎\n抗 中 性 粒 细 胞 胞 质 抗 体 （antineutrophil \ncytoplasmic antibody ，ANCA）相关性血管炎包括肉\n芽肿性多血管炎 、嗜酸性肉芽肿性多血管炎和显微\n镜下多血管炎 ，影响鼻窦区域则可与 CRS 混淆\n［3］\n。\n肉芽肿性多血管炎易引起持续鼻出血 、干痂和鼻', '交感神经反射机制 ， 应该两侧鼻腔同时进行 。 推荐\n使用标准化过敏原试剂 。\n激发试验后 15 ~ 30 min 评估反应 ， 记录产生的\n症 状 （ 表 3 ） ， 并 结 合 鼻 阻 力 检 查 结 果 进 行 综 合 判\n断\n［ 36 ］\n， 存 在 下 述 之 一 情 况 者 为 阳 性 ： ① 在 鼻 压 力\n150 Pa 下 ， 无论有无症状出现 ， 激发后双侧总鼻阻\n力比基础值增加 60 % 以上 ； ② 在鼻压力 150 Pa 下 ，\n激发后总鼻阻力增加 30 % 以上且症状评分为 3 分 ；\n③ 无论总鼻阻力如何 ， 症状评分为 4 分 。 完成试验\n后 ， 应观察至少 2 h 。\n三 、 其他检查\n包括鼻分泌物涂片细胞学检查 、 鼻灌洗液中过\n敏原特异性 IgE 和嗜酸粒细胞阳离子蛋白测定 、 血\n清过敏原组分特异性 IgE 检测 、 外周血嗜碱粒细胞\n活化试验 、 呼出气一氧化氮检测和肺功能检查等 。\n鼻分泌物涂片采用伊红美蓝染色 （ 瑞氏染色 ） ， 高倍\n显微镜下嗜酸粒细胞占比 > 5 % 为阳性 。 鼻灌洗液', '清特异性 IgE 阳性 ， 或鼻激发试验阳性 。\nAR 的诊断应根据患者典型的过敏病史 、 临床\n表现以及与其一致的过敏原检测结果而作出 。 过\n敏原检测通常需要将体内和体外检测相结合 ， 且充\n分结合临床病史 ， 以判断患者是由何种过敏原致\n敏 ， 以及致敏的程度与疾病症状的关系 。\n鉴别诊断\n一 、 血管运动性鼻炎\n又称特发性鼻炎 ， 发病机制不明 ， 可能与鼻黏\n膜自主神经功能障碍有关\n［ 40 ］\n。 诱发因素包括冷空\n气 、 强烈气味 、 烟草烟雾 、 挥发性有机物 、 摄入乙醇\n饮料 、 体育运动 、 强烈的情感反应等 。 主要症状是\n发作性喷嚏 、 大量清涕 。 血清总 IgE 正常 ， 过敏原\n检测阴性 ， 嗜酸粒细胞数正常 。\n二 、 非变应性鼻炎伴嗜酸粒细胞增多综合征\n是一类以嗜酸 粒细胞增多为特征的非变应性鼻\n炎 ， 发病机制不明 ， 主要症状与 AR 相似 ， 但症状较重 ，\n常伴有 嗅觉减退或丧失 。 过敏原检测阴性 ， 鼻激发\n试验阴性 ； 嗜酸粒细胞异常增多 ， 其判断标准为鼻分\n泌物中嗜酸粒细胞数超过粒细胞和单核细胞数 （ 除', '［3］\n。\n肉芽肿性多血管炎易引起持续鼻出血 、干痂和鼻\n塞，并可能出现鼻中隔穿孔 。嗜酸性肉芽肿性多血\n管炎常见于哮喘患者 ，鼻部表现为嗜酸粒细胞性\nCRSwNP，可累及中耳\n［100］\n。疾病确诊主要依靠组织\n病理学检查 ，ANCA 的检测具有参考价值\n［101］\n。疾病\n进展可累及多器官 ，通常需要多学科会诊以明确\n诊断\n［102］\n。\n七、IgG4 相关性鼻腔鼻窦疾病\nIgG4 相关性疾病是系统性疾病 ，近年来在鼻部\n的报道有增多趋势\n［103］\n，中老年患者多见 。临床症\n状无特异 ，鼻内镜下可见鼻腔内肿块\n［103］\n。CT 检查\n可发现均匀的软组织密度肿块影 ，可伴有骨质破\n坏。MRI 检查表现为 T2 加权像低信号\n［104］\n。确诊依\n赖于组织病理活检及多学科会诊\n［105］\n。\n八、其他\n脑膜脑膨出 、脑膜瘤 、动脉瘤样骨囊肿和错构\n瘤等其他病变也易被误诊为鼻息肉 ，CT 和 MRI 等\n影像学检查可帮助鉴别 ，确诊依赖组织病理检查 。\n并发症及处理原则\nCRS 急性发作 、鼻窦分泌物引流不畅或机体抵\n抗力下降时 ，会引起周围组织器官的并发症 ；此时，', 'fmx_T3RoZXJNaXJyb3Jz\n中华耳鼻咽喉头颈外科杂志 2022 年 2 月第 57 卷第 2 期 Chin J Otorhinolaryngol Head Neck Surg , February 2022 , Vol . 57 , No . 2\n三 、 感染性鼻炎\n由病毒或细菌感染引起 ， 病程短 ， 一般为 7 ~ 10 d 。\n鼻部症状与 AR 类似 ， 常伴有发热 、 头痛 、 乏力 、 四肢\n酸痛等全身不适症状 。 过敏原检测阴性 ， 嗜酸粒细\n胞数正常 。 急性细菌感染者 ， 外周血白细胞总数及\n中性粒细胞数增加 。\n四 、 激素性鼻炎\n人体内分泌激素水平发生生理和病理改变时\n出现的鼻部症状 ， 发病与性激素 、 甲状腺素 、 垂体激\n素等有关\n［ 42 ］\n， 常见症状为鼻塞 、 流涕 。 过敏原检测\n阴性 ， 嗜酸粒细胞数正常 。\n五 、 药物性鼻炎\n鼻腔长期使用减充血剂所致 ， 主要症状为鼻\n塞 。 下鼻甲红肿 、 充血 、 肥大 、 弹性差 ， 可呈结节状\n或桑椹样 ， 减充血剂的收缩效果差\n［ 43 ］\n。 过敏原检测\n阴性 ， 嗜酸粒细胞数正常 。', '鼻用减充血剂的常见不良反应有鼻腔干燥 、 烧\n灼感和针刺感等 ， 部分患者可出现头痛 、 头晕和心\n率加快等反应 。 浓度过高 、 疗程过长或用药过频可\n导致反跳性鼻黏膜充血 ， 易发生药物性鼻炎\n［ 113 ］\n。\n鼻腔干燥者 、 萎缩性鼻炎 、 高血压 、 冠心病 、 糖尿病 、\n甲状腺功能亢进 、 闭角型青光眼 、 正在接受单胺氧\n化酶抑制剂 （ 苯乙肼 、 超环苯丙胺等 ） 或三环类抗抑\n郁药治疗的患者 、 妊娠期妇女及 3 周岁以下儿童不\n推荐使用 。\n临床不推荐口服减充血剂 （ 伪麻黄碱等 ） 治疗\nAR 。\n·· 114', '基因组机制 ） 。 快速效应可在短时间内控制急性炎\n性反应 ， 缓解症状 ； 基因效应需数日至数周起效 ， 可\n持续控制炎性反应状态 。 鼻内局部使用糖皮质激\n素可以使高浓度的药物直接作用于鼻黏膜的糖皮\n质激素受体部位而发挥治疗作用 。\n1 . 鼻用激素 ： 是 AR 的一线治疗药物 ， 临床推荐\n使用 。 其强力的抗炎特性直接影响 AR 患者鼻腔炎\n症的发展过程 ， 可显著减少炎性介质和细胞因子的\n释放 ， 抑制鼻黏膜和分泌物中嗜酸粒细胞 、 嗜碱粒\n细胞 、 中性粒细胞和单核细胞等的募集 ， 并显著降\n低由过敏原和组胺诱导的鼻腔黏膜高反应性\n［ 24 ］\n。\n鼻用激素分为第一代 （ 包括布地奈德 、 曲安奈德 、 丙\n酸倍氯米松 、 氟尼缩松 ） 和第二代 （ 包括糠酸莫米\n松 、 丙酸氟替卡松 、 糠酸氟替卡松 、 倍他米松 、 环索\n奈德 ） ， 与第一代鼻用激素相比 ， 第二代鼻用激素具\n有高亲脂性 、 与受体结合力强 、 抗炎活性更强 、 生物\n利用度低等特点\n［ 65 ］\n。 在使用时按推荐剂量每天喷']",变应性鼻炎有过敏原检测阳性或鼻激发试验阳性；血管运动性鼻炎过敏原检测阴性，嗜酸粒细胞数正常。,变应性鼻炎：过敏原阳性、IgE介导；血管运动性鼻炎：诱因(气味、温度、情绪)诱发，无过敏证据,1.0,0.3818713136853381,1.0
鼻窦炎和鼻炎的主要区别是什么？,"['序号\n1\n2\n3\n4\n5\n6\n问题\n慢性鼻窦炎患者如何选择糖皮质激素治疗 ？\n严重鼻窦炎伴有鼻息肉患者选择何种手术方式 ？\n慢性鼻窦炎合并变应性鼻炎和 /或哮喘患者是否推\n荐使用过敏原特异性免疫治疗 ？\n治疗效果不佳的鼻窦炎是否使用生物制剂 ？\n2 型、嗜酸性慢性鼻窦炎的诊断依据 ？\n慢性鼻窦炎预后不良的预测指标有哪些 ？\n·· 234', '痛，鼻腔常可见大片组织坏死形成的黑色或褐色\n物质。\n真菌球型鼻窦炎为临床常见类型 ，以上颌窦和\n蝶窦多见 ，主要表现为鼻腔血性分泌物 ，伴或不伴\n鼻 塞，常 见 头 痛，鼻 窦 CT 可 见 窦 内 密 度 增 高 钙\n化影。\n变应性真菌性鼻窦炎是由真菌过敏原引起的\n鼻窦黏膜Ⅰ型变态反应性炎症 ，常合并鼻息肉 。组\n织病理学检查可见真菌染色阳性 、明显的嗜酸粒细\n胞黏蛋白 、Charcot⁃Leyden 晶体、无真菌侵犯鼻窦组\n织等特点 。CT 特征性影像改变为鼻窦窦腔内密度\n不均匀的软组织影 ，可伴有窦腔扩大 ；MRI 上 T1 和\nT2 序 列 均 可 见 信 号 空 洞。外 周 血 嗜 酸 粒 细 胞 增\n多，窦腔分泌物真菌培养阳性\n［3］\n。\n二、后鼻孔息肉\n后鼻孔息肉可由窦口穿出并突入至后鼻孔 ，分\n别占成人鼻息肉的 10% 和儿童鼻息肉的 33%\n［84⁃85］\n。\n息肉可起源自上颌窦 、蝶窦和筛窦等部位 ，源自上\n颌窦者最常见\n［86］\n，多为单侧 。常见症状为鼻塞 ，内\n镜下可见鼻腔后部光滑息肉样新生物 ，蒂多源自中', '慎重选择\n［28， 187⁃188］\n。\n1. 鼻窦开放术（sinusotomy） ：主要适用于相对\n独立的单个鼻窦或局部的单侧或双侧病变 ，如孤立\n性上颌窦 、额窦、蝶窦或筛窦病变等 。常用的术式\n即为内镜下相应的单个鼻窦 、2~3 个鼻窦或局部病\n变切除和 /或开放术 ，包括上颌窦 、额窦 、蝶窦开放\n术或筛窦开放术 ，术中保留鼻甲及窦腔黏膜 。\n2. 鼻 窦 球 囊 扩 张 术（balloon sinuplasty） ：通 过\n导丝或导航引导鼻窦球囊进入并扩大鼻窦窦口 ，并\n通过盐水或药物盥洗的方式 ，促进黏膜炎症的恢\n复。适用于以窦口阻塞为主要特征的非筛窦区域\n的轻症鼻窦炎\n［189］\n。可以单独进行或在鼻窦开放术\n的基础上进行 。\n3. 全组鼻窦开放术 （full⁃house FESS） ：主要内\n容包括切除筛窦间隔的筛窦开放 、Draf Ⅱa 型额窦\n开放 ，以及上颌窦和蝶窦开放 ，保留中鼻甲及鼻窦\n内 黏 膜。 该 术 式 从 入 路 角 度 也 分 为 由 前 向 后 的\nMesserklinger 术式和从后（蝶窦）向前的 Wigand 术', 'Chinese Medical Association\n前  言\n慢性鼻窦炎（CRS）是耳鼻咽喉头颈外科的常\n见多发病 ，其病因学及病理生理机制复杂 。在《中\n国慢性鼻窦炎诊断和治疗指南（2018） 》及欧洲鼻窦\n炎和鼻息肉意见书 （EPOS）2020 年版发表后 ，国际\n上 CRS 相关免疫病理学以及包括生物治疗在内的\n临床治疗研究均取得了显著进展 ；我国 CRS 的临床\n诊疗和科学研究水平也迅速提高 ，基于临床表型和\n免疫病理分型的 CRS 发病机制、免疫病理学特征及\n相关临床预后研究 ，以及生物制剂临床治疗的随机\n对照试验（RCT）研究等取得了具有国际前沿水平\n的成果 ，促进了 CRS 诊疗策略的个体化和精细化 。\n为顺应临床诊疗研究和实践的发展需求 ， 《中华耳\n鼻咽喉头颈外科杂志》编辑委员会鼻科组联合中华\n医学会耳鼻咽喉头颈外科学分会鼻科学组 ，决定对\n《中国慢性鼻窦炎诊断和治疗指南 （2018） 》进行修\n订。本次修订基于我国循证医学研究的结果 ，针对\n备受瞩目的临床若干问题进行重新审定 、补充完\n善，使之更易于临床推广应用 。需要指出的是 ，鼻', '。\n三 、 慢性鼻窦炎\n流行病学调查显示 ， 慢性鼻窦炎与 AR 关系密\n切\n［ 50 ］\n， 慢性鼻窦炎患者的过敏原检测阳性率可达\n53 %\n［ 51 ］\n。 AR 引起鼻黏膜肿胀和黏膜纤毛清除功能\n障碍 ， 影响慢性鼻窦炎的严重程度和治疗效果\n［ 52 - 53 ］\n。\n四 、 上气道咳嗽综合征\n鼻腔鼻窦炎性疾病引起鼻分泌物倒流至鼻后\n和咽喉等 部位 ， 直接或间接刺激咳嗽感受器 ， 导致\n以咳嗽为主要临床表现的一类疾病称为上气道咳嗽\n综合征 ， 是儿童和成人慢性咳嗽的常见病因\n［ 54 - 55 ］\n。\n五 、 分泌性中耳炎\n是以中耳积液 （ 包括浆液 、 黏液 、 浆 ‑ 黏液 ） 及听\n力下降为主要特征的中耳非化脓性炎性疾病 ， 患者\n常伴有耳胀 、 耳闷 、 耳痛等耳部症状 。 AR 可能是儿\n童分泌性中耳炎的发病相关因素之一\n［ 22 ］\n。\n六 、 睡眠障碍\nAR 对睡眠的影响是多因素的 ， 鼻塞是睡眠障\n碍的重要原因之一 ， AR 的严重程度与睡眠障碍密\n切相关\n［ 56 ］\n。 诊断 AR 时应注意详细询问病史 ， 评估\n对睡眠的影响 。\n七 、 特应性皮炎', '基因组机制 ） 。 快速效应可在短时间内控制急性炎\n性反应 ， 缓解症状 ； 基因效应需数日至数周起效 ， 可\n持续控制炎性反应状态 。 鼻内局部使用糖皮质激\n素可以使高浓度的药物直接作用于鼻黏膜的糖皮\n质激素受体部位而发挥治疗作用 。\n1 . 鼻用激素 ： 是 AR 的一线治疗药物 ， 临床推荐\n使用 。 其强力的抗炎特性直接影响 AR 患者鼻腔炎\n症的发展过程 ， 可显著减少炎性介质和细胞因子的\n释放 ， 抑制鼻黏膜和分泌物中嗜酸粒细胞 、 嗜碱粒\n细胞 、 中性粒细胞和单核细胞等的募集 ， 并显著降\n低由过敏原和组胺诱导的鼻腔黏膜高反应性\n［ 24 ］\n。\n鼻用激素分为第一代 （ 包括布地奈德 、 曲安奈德 、 丙\n酸倍氯米松 、 氟尼缩松 ） 和第二代 （ 包括糠酸莫米\n松 、 丙酸氟替卡松 、 糠酸氟替卡松 、 倍他米松 、 环索\n奈德 ） ， 与第一代鼻用激素相比 ， 第二代鼻用激素具\n有高亲脂性 、 与受体结合力强 、 抗炎活性更强 、 生物\n利用度低等特点\n［ 65 ］\n。 在使用时按推荐剂量每天喷', '系统评价方法学质量评价工具\n抗中性粒细胞包质抗体\n变应性鼻炎\nC⁃C 模体趋化因子配体\n慢性鼻窦炎\n慢性鼻窦炎不伴鼻息肉\n慢性鼻窦炎伴有鼻息肉\n 欧洲过敏和临床免疫学学会\n扩大切除内镜鼻窦手术\n嗜酸粒细胞胞外诱捕网\n欧洲鼻窦炎和鼻息肉意见书\n内镜鼻窦手术\n功能性内镜鼻窦手术\n粒细胞集落刺激因子\n推荐意见分级的评估 、制订及评价\n2021 鼻窦炎国际共识\n干扰素\n免疫球蛋白\n影像导航手术\n白细胞介素\n2 型固有淋巴细胞\n非甾体抗炎药加重的呼吸道疾病\n中性粒细胞胞外诱捕网\n鼻泪管\n鼻息肉评分\n人群、干预、对照和结局\n嗅觉障碍生活质量负陈述调查问卷\n随机对照试验\n卫生保健实践指南的报告条目\n健康调查简表\n鼻腔鼻窦结局测试 22\n辅助性 T 细胞\n肿瘤坏死因子\n组织型纤溶酶原激活剂\n调节性 T 细胞\n胸腺基质淋巴细胞生成素\n宾夕法尼亚大学嗅觉识别测试\n视觉模拟量表\n·· 238', '95%CI：1.11~10.78）及 失 眠 发 生 率 较 对 照 组 增 加\n（RR=3.63，95%CI：1.10~11.95） 。\n表 5 GRADE 证据质量与推荐强度分级\n类别\n证据质量分级\n高\n中\n低\n极低\n推荐强度分级\n强\n弱\n具体描述\n非常有把握 ：观察值接近真实值\n对观察值有中等把握 ：观察值有可能接近真实\n值，但也有可能差别很大\n对观察值的把握有限 ：观察值可能与真实值有\n很大差别\n对观察值几乎没有把握 ：观察值与真实值可能\n有极大差别\n明确显示干预措施利大于弊或弊大于利\n利弊不确定或无论质量高低的证据均显示利\n弊相当\n表 6 指南问题及推荐意见\n问题\n1. 慢性鼻窦炎患者如何选择糖皮质激素治疗 ？\n2. 严重鼻窦炎伴有鼻息肉患者选择何种手术方式 ？\n3. 慢性鼻窦炎预后不良的预测指标有哪些 ？\n推荐意见\n推荐 CRS 患者使用鼻喷激素治疗改善鼻塞症状及鼻息肉评分（强推荐，高质量证据）\n推荐 CRSwNP 患者使用鼻喷激素治疗以改善患者嗅觉及降低挽救性手术率 （强推荐，极\n低质量证据）']",鼻窦炎是鼻窦黏膜的炎症，鼻炎是鼻腔黏膜的炎症。,鼻炎：鼻腔黏膜炎症；鼻窦炎：鼻窦腔黏膜炎症，伴头胀痛、脓涕,0.5,0.3121211215122864,0.0
变应性鼻炎的一线治疗药物有哪些？,"['善鼻塞 、 鼻痒和喷嚏等\n［ 116 ］\n。 苯环喹溴铵为国内自\n主研制药物 ， 临床应用时间较短 ， 尚待进一步开展\n高质量的真实世界研究 。 异丙托溴铵是第四代阿\n托品类药物 ， 可抑制浆黏液腺分泌 ， 主要用于改善\n流涕症状 ， 对常年性鼻炎和感冒也有疗效 ， 但对鼻\n痒 、 喷嚏和鼻塞等症状无明显效果\n［ 24 ］\n。 各种鼻用抗\n胆碱能药的用法用量 ， 具体参照药品说明书 。\n鼻用抗胆碱能药很少全身吸收 ， 无明显全身性\n抗胆碱能作用 ， 但对严重心血管系统疾病 、 闭角型\n青光眼 、 前列腺增生或膀胱颈梗阻的患者应慎用 。\n局部除可有鼻黏膜干燥 、 出血等不适外 ， 对鼻腔黏\n液纤毛传输功能无影响 ， 长期使用未见反跳作用 、\n黏膜损伤等不良反应\n［ 117 ］\n。 有鼻腔出血现象的患者\n慎用 。\n（ 七 ） 中药\n祖国医学提倡辨证论治 ， AR 属于中医 “ 鼻鼽 ”\n的范畴 ， 其常见证型为肺气虚寒证 、 脾气虚弱证 、 肾\n阳不足证和肺经伏热证 。 一项纳入 7 个随机对照\n试验的 meta 分析显示 ， 中草药与安慰剂相比可明', 'Montelukast for allergic rhinitis : A systematic review and\nmeta‐analysis [ J ]. Biomed Pharmacother , 2016 , 83 :\n989 ‐ 997 . DOI : 10 . 1016 /j . biopha . 2016 . 08 . 003 .\n[ 128 ] 陆忆 , 殷敏 , 程雷 . 白三烯受体拮抗剂孟鲁司特治疗变应性\n鼻炎的荟萃分析 [ J ]. 中华耳鼻咽喉头颈外科杂志 , 2014 ,\n49 ( 8 ): 659 ‐ 667 . DOI : 10 . 3760 /cma . j .\nissn . 1673 ‐ 0860 . 2014 . 08 . 009 .\n[ 129 ] 冯韶燕 , 樊韵平 , 李磊 , 等 . 白三烯受体拮抗剂联合鼻用激\n素治疗变应性鼻炎的系统评价 [ J ]. 临床耳鼻咽喉头颈外科\n杂 志 , 2015 , 29 ( 3 ): 207 ‐ 211 . DOI : 10 . 13201 /j .', '[ 100 ] 冯韶燕 , 邓 春涛 , 李磊 , 等 . 鼻用抗组胺药物治疗变应性鼻炎\n的 Meta 分析 [ J ]. 中华耳鼻咽喉头颈外科杂志 , 2014 , 49 ( 10 ):\n832 ‐ 838 . DOI : 10 . 3760 /cma . j . issn . 1673 ‐ 0860 . 2014 .\n10 . 009 .\n[ 101 ] LaForce CF , Corren J , Wheeler WJ , et al . Efficacy of\nazelastine nasal spray in seasonal allergic rhinitis\npatients who remain symptomatic after treatment with\nfexofenadine [ J ]. Ann Allergy Asthma Immunol , 2004 ,\n93 ( 2 ): 154 ‐ 159 . DOI : 10 . 1016 /S 1081 ‐ 1206 ( 10 ) 61468 ‐ 8 .', '收稿日期 2021 - 12 - 28 本文编辑 方祎\n引用本文 ： 中华耳鼻咽喉头颈外科杂志编辑委员会鼻科组 ， 中华医学会耳鼻咽喉头颈外科学分会鼻科学\n组 . 中国变应性鼻炎诊断和治疗指南 （ 2022 年 ， 修订版 ） [ J ]. 中华耳鼻咽喉头颈外科杂志 , 2022 , 57 ( 2 ):\n106 - 129 . DOI : 10 . 3760 /cma . j . cn 115330 - 20211228 - 00828 .\n·· 106', 'Immunol , 2011 , 128 ( 6 ): 1139 ‐ 1150 . e 4 . DOI : 10 . 1016 /j .\njaci . 2011 . 09 . 005 .\n[ 91 ] Muñoz‐Cano RM , Casas‐Saucedo R , Valero Santiago A ,\net al . Platelet‐activating factor ( PAF ) in allergic rhinitis :\nClinical and therapeutic implications [ J ]. J Clin Med , 2019 ,\n8 ( 9 ): 1338 . DOI : 10 . 3390 /jcm 8091338 .\n[ 92 ] 程雷 . 变应性鼻炎治疗中应关注的几个临床问题 [ J ]. 中华\n耳 鼻 咽 喉 头 颈 外 科 杂 志 , 2020 , 55 ( 5 ): 437 ‐ 439 . DOI :\n10 . 3760 /cma . j . cn 115330 ‐ 20200323 ‐ 00230 .', '[ 93 ] 李华斌 , 王向东 , 王洪田 , 等 . 口服 H 1 抗组胺药治疗变应性\n鼻炎 2018 广州共识 [ J ]. 中国眼耳鼻喉科杂志 , 2018 , 18 ( 3 ):\n149 ‐ 156 . DOI : 10 . 14166 /j . issn . 1671 ‐ 2420 . 2018 . 03 . 001 .\n[ 94 ] Okubo K , Kurono Y , Fujieda S , et al . Japanese Guideline for\nAllergic Rhinitis 2014 [ J ]. Allergol Int , 2014 , 63 ( 3 ):\n357 ‐ 375 . DOI : 10 . 2332 /allergolint . 14 ‐RAI‐ 0768 .\n[ 95 ] 程雷 . 重视季节性变应性鼻炎的预防性治疗 [ J ]. 中华耳鼻\n咽喉头颈外科杂志 , 2013 , 48 ( 7 ): 532 ‐ 534 .', 'Chinese Medical Association\n前 言\n变应性鼻炎 （ AR ） 是特应性个体暴露于过敏原\n（ 变应原 ） 后主要由免疫球蛋白 E （ immunoglobulin\nE ， IgE ） 介导的鼻黏膜非感染性慢性炎性疾病 。 国\n内外大量的流行病学调查显示 ， 近年来 AR 的患病\n率显著增加 ， 已成为主要的呼吸道慢性炎性疾病 ，\n给患者生活质量和社会经济带来严重影响 。 虽然\n国内外 20 余年来 AR 临床指南已更新数次 ， 但在实\n际应用中仍有诊断和治疗不规范或理论与临床实\n践脱节等诸多现象 ， 不仅影响疗效 ， 且造成医疗资\n源的巨大消耗 。 因此 ， 有必要在医疗卫生保健的各\n个层面采取积极有效的防控措施 ， 包括制 （ 修 ） 订切\n实 可 行 的 临 床 指 南 以 提 高 诊 疗 水 平 和 加 强 疾 病\n管理 。\n针对我国 AR 患病率迅速上升以及对 AR 认识\n的诸多误区和诊疗上的问题 ， 本刊曾先后发表了\n“ 乌 鲁 木 齐 （ 1990 ） ”\n［ 1 ］\n、 “ 海 口 （ 1997 ） ”\n［ 2 ］\n、 “ 兰 州', '口服\n口服\n鼻用\n口服\n口服\n鼻用\n鼻用\n鼻用\n临床治疗\n一线用药\n二线用药\n一线用药\n一线用药\n一线用药\n二线用药\n二线用药\n二线用药\n二线用药\n推荐程度\n推荐使用\n酌情使用\n推荐使用\n推荐使用\n推荐使用\n酌情使用\n酌情使用\n酌情使用\n酌情使用\n·· 112']",口服或鼻用糖皮质激素、口服或鼻用第二代抗组胺药、口服白三烯受体拮抗剂。,鼻用糖皮质激素、口服/鼻用抗组胺药、白三烯受体拮抗剂、鼻腔冲洗,0.8,,0.75
鼻用糖皮质激素在变应性鼻炎中如何使用？疗程多久？,"['基因组机制 ） 。 快速效应可在短时间内控制急性炎\n性反应 ， 缓解症状 ； 基因效应需数日至数周起效 ， 可\n持续控制炎性反应状态 。 鼻内局部使用糖皮质激\n素可以使高浓度的药物直接作用于鼻黏膜的糖皮\n质激素受体部位而发挥治疗作用 。\n1 . 鼻用激素 ： 是 AR 的一线治疗药物 ， 临床推荐\n使用 。 其强力的抗炎特性直接影响 AR 患者鼻腔炎\n症的发展过程 ， 可显著减少炎性介质和细胞因子的\n释放 ， 抑制鼻黏膜和分泌物中嗜酸粒细胞 、 嗜碱粒\n细胞 、 中性粒细胞和单核细胞等的募集 ， 并显著降\n低由过敏原和组胺诱导的鼻腔黏膜高反应性\n［ 24 ］\n。\n鼻用激素分为第一代 （ 包括布地奈德 、 曲安奈德 、 丙\n酸倍氯米松 、 氟尼缩松 ） 和第二代 （ 包括糠酸莫米\n松 、 丙酸氟替卡松 、 糠酸氟替卡松 、 倍他米松 、 环索\n奈德 ） ， 与第一代鼻用激素相比 ， 第二代鼻用激素具\n有高亲脂性 、 与受体结合力强 、 抗炎活性更强 、 生物\n利用度低等特点\n［ 65 ］\n。 在使用时按推荐剂量每天喷', '术后通常在第一次清理术腔后开始用药 ，根据术腔\n恢复情况，持续用药 3~6 个月或更长时间 。\n除鼻喷雾剂外 ，也有鼻用滴剂 、鼻腔冲洗 、雾化\n吸入及全降解鼻窦药物支架 （缓释激素支架 ）等其\n他糖皮质激素局部给药方式\n［110⁃111］\n。术后应用全降\n解 鼻 窦 药 物 支 架 能 够 有 效 减 轻 患 者 鼻 腔 内 镜\n评分\n［112⁃113］\n。\n鼻用糖皮质激素安全性和耐受性良好 ，局部不\n良反应包括鼻出血 、鼻中隔穿孔 、鼻腔干燥、鼻烧灼\n感和刺激感等 ，但发生率低 。目前尚无证据支持鼻\n用糖皮质激素有增加白内障或青光眼 、升高眼内\n压 、影 响 血 清 皮 质 醇 以 及 尿 游 离 皮 质 醇 的 风\n险\n［111， 114］\n。对合并哮喘的患者联合应用鼻喷和吸入\n糖皮质激素 ，需注意监控用量和不良反应\n［115］\n。\n（二）口服糖皮质激素\n临床推荐对 CRSwNP 患者 ，尤其是伴有哮喘 、\n严重过敏反应和 N⁃ERD 的 T2 CRS 患者 ，以及症状\n较重及复发患者 ，给予短期口服糖皮质激素治疗 。\n短期口服糖皮质激素可迅速缩小鼻息肉体积 ，', '究证实 ， 鼻用激素在控制鼻部症状 （ 包括鼻塞 ） 方面\n优于抗组胺药 ， 在缓解眼部症状方面两者无显著差\n异\n［ 76 ‑ 78 ］\n。 一项 meta 分析显示 ， 与标准剂量相比 ， 2 倍\n剂量的鼻用激素能更好地改善成人 AR 患者的鼻部\n和眼部症状 。 对于常规剂量疗效不佳的成人 AR 患\n者 ， 可使用 2 倍剂量的鼻用激素以更有效地控制鼻\n部和眼部症状 。 2 倍剂量与标准剂量鼻用激素的\n不良事件发生率并无明显差异\n［ 79 ］\n。\n鼻用激素的安全性和耐受性良好 ， 常见的不良\n反应是局部不良反应 ， 包括鼻腔烧灼感 、 干燥 、 刺\n痛 、 鼻出血 、 咽炎和咳嗽等 ， 多为轻度 。 鼻用激素短\n期治疗 （ 疗程 2 ~ 12 周 ） 的鼻出血发生率不到 10 % ，\n与安慰剂相比无明显差异 ， 而长期治疗 （ 疗程 1 年\n表 4 变应性鼻炎常用治疗药物\n药物种类\n糖皮质激素\n第二代抗组胺药\n白三烯受体拮抗剂\n肥大细胞膜稳定剂\n减充血剂\n抗胆碱能药\n给药方式\n鼻用\n口服\n口服\n鼻用\n口服\n口服\n鼻用\n鼻用\n鼻用\n临床治疗\n一线用药\n二线用药\n一线用药\n一线用药', '支持疗法及其他对症处理 ，如降颅内压治疗 。诊断\n明确后应尽快完善术前准备 ，在全身状况允许的情\n况下联合神经外科行引流术和内镜下鼻窦开放术 ，\n去除病灶 ，引流硬膜外脓肿或硬膜下脓肿 。对于脑\n脓肿 ，根据其所在位置 ，可经鼻窦开放后引流或者\n由神经外科医师处理 。合并海绵窦血栓性静脉炎\n者可加用抗凝药物 。\n药物治疗\n一、糖皮质激素\n糖皮质激素具有显著的抗炎 、抗水肿和免疫调\n节作用\n［3］\n，主要包括全身（口服）和局部（鼻用）两种\n用药方式。\n（一）鼻用糖皮质激素\n临床推荐鼻用糖皮质激素作为 CRS 的一线治\n疗药物\n［3， 106］\n，疗程不少于 12 周。\n大量随机对照研究和 Meta 分析表明，CRS 患者\n应用鼻用糖皮质激素可以改善症状 ，术前应用能够\n减少手术出血 ，术后应用可减少复发\n［107⁃108］\n；对嗜酸\n粒细胞性 CRS，其作用尤其显著\n［29， 39， 109］\n。鼻用糖皮\n质激素建议长期持续用药 （>12 周）以维持疗效 。\n术后通常在第一次清理术腔后开始用药 ，根据术腔\n恢复情况，持续用药 3~6 个月或更长时间 。', '序号\n1\n2\n3\n4\n5\n6\n问题\n慢性鼻窦炎患者如何选择糖皮质激素治疗 ？\n严重鼻窦炎伴有鼻息肉患者选择何种手术方式 ？\n慢性鼻窦炎合并变应性鼻炎和 /或哮喘患者是否推\n荐使用过敏原特异性免疫治疗 ？\n治疗效果不佳的鼻窦炎是否使用生物制剂 ？\n2 型、嗜酸性慢性鼻窦炎的诊断依据 ？\n慢性鼻窦炎预后不良的预测指标有哪些 ？\n·· 234', '利用度低等特点\n［ 65 ］\n。 在使用时按推荐剂量每天喷\n鼻 1 ~ 2 次 ， 对于轻度 AR 和中 ‑ 重度间歇性 AR ， 疗程\n不少于 2 周 ； 对于中 ‑ 重度持续性 AR 是首选药物 ，\n疗程 4 周以上 。 由于 AR 存在黏膜最轻炎症持续状\n态 ， 持续治疗或者最低维持剂量持续治疗对病情的\n长期控制效果明显优于间断治疗\n［ 35 ， 66 - 67 ］\n。 鼻用激素\n可通过减少嗅区的炎症和增加鼻腔气流而改善嗅\n觉功能\n［ 68 - 69 ］\n。 两项 meta 分析显示 ， 鼻用激素除了能\n显著改善 AR 患者的鼻部症状外 ， 对眼部症状如眼\n痒 、 流泪和眼红等也有缓解作用\n［ 70 - 71 ］\n。 鼻用激素还\n能 显 著 改 善 AR 患 者 的 生 活 质 量 和 睡 眠 质\n量\n［ 67 ， 70 ， 72 ‑ 74 ］\n。 合并支气管哮喘的 AR 患者在使用鼻\n用激素后 ， 也可改善其哮喘控制水平和肺功能\n［ 75 ］\n。\n鼻用激素和第二代鼻用及口服抗组胺药的比较研\n究证实 ， 鼻用激素在控制鼻部症状 （ 包括鼻塞 ） 方面', '响\n［ 84 ‑ 86 ］\n， 但也存在个别对糖皮质激素极度敏感的患\n者 ， 因此应用鼻用激素长期治疗时 ， 建议使用全身\n生物利用度低的制剂\n［ 83 ， 87 - 88 ］\n， 用药时需注意药品说\n明书的年龄限制和推荐剂量 ， 注意定期监测儿童身\n高 。 合并哮喘的 AR 患者 ， 常联合吸入 、 口服或雾化\n糖皮质激素进行治疗 ， 应注意剂量累积导致下丘\n脑 ‑ 垂体 ‑ 肾上腺轴抑制\n［ 81 ］\n。 考虑到药物对妊娠期\n妇女胎儿和哺乳期妇女婴儿的潜在影响 ， 一般不推\n荐在妊娠期和哺乳期使用鼻用激素 。 一项大型前\n瞻性队列研究显示 ， 妊娠期前 3 个月使用鼻用曲安\n奈德可增加胎儿呼吸系统缺陷的风险 ， 包括喉 、 气\n管 、 支气管畸形和后鼻孔闭锁\n［ 89 ］\n。 在妊娠 16 周后 ，\n当益处大于风险时 ， 应严格遵循医嘱 ， 使用鼻用激\n素的最低有效剂量\n［ 27 ］\n。\n2 . 口服糖皮质激素 ： 是 AR 的二线治疗药物 ， 临\n床需要慎重和酌情使用 。 对于症状严重难以控制\n的 AR 可考虑短期口服糖皮质激素 ， 宜选择安全性', '［ 35 ， 99 ］\n。 一般\n每天用药 2 次 ， 疗程不少于 2 周 。 鼻用抗组胺药比\n口服抗组胺药起效更快 ， 通常用药后 15 ~ 30 min 即\n起效 。 对第二代口服抗组胺药不能有效控制症状\n的中 ‑ 重度季节性 AR 患者 ， 单独采用氮卓斯汀鼻喷\n剂治疗 2 周可明显改善鼻部症状\n［ 101 - 102 ］\n。 meta 分析\n显示 ， 鼻用抗组胺药与鼻用糖皮质激素混合制剂\n（ 内 含 盐 酸 氮 卓 斯 汀 和 丙 酸 氟 替 卡 松 ） 喷 鼻 治 疗\n2 周 ， 对中 ‑ 重度季节性 AR 患者鼻部症状的改善效\n果明显优于单一药物治疗\n［ 103 ］\n。\n鼻用抗组胺药安全性好 ， 苦味为主要不良反\n应 ， 发生率在 1 . 4 %~ 16 . 7 % 之间\n［ 35 ］\n。 其他不良反应\n少见 ， 包括鼻腔烧灼感 、 鼻出血 、 头痛和嗜睡等 。 鼻\n用抗组胺药妊娠期使用的安全性尚缺乏数据\n［ 104 ］\n。\n（ 三 ） 抗白三烯药\n白三烯是对含有半胱氨酰基的一大类脂质炎\n·· 113']",对于轻度AR和中-重度间歇性AR，疗程不少于2周；对于中-重度持续性AR是首选药物，疗程4周以上。,每日1次，喷鼻；疗程至少2~4周，稳定后减量,,0.36692500130545586,0.0
第二代抗组胺药特点？,"['腹泻、头痛、腹痛、呕吐等不良反应 [206]。\n第一代抗组胺药 (如苯海拉明和氯苯那敏)具\n有嗜睡、口干等不良反应。在实验性或自然感冒研\n究中都观察到第一代抗组胺药可缓解咳嗽、喷嚏和\n流涕症状,而第二代抗组胺药 (如氯雷他定和特非\n那定)没有类似疗效。导致这种差异的机制可能在\n于第一代抗组胺药可透过血脑屏障,同时阻断外周\n和脑髓质组胺、毒蕈碱受体,而第二代抗组胺药仅\n阻断外周组胺 受 体, 不 能 透 过 血 脑 屏 障 [207-209]。 既\n往相关指 南 推 荐 第 一 代 抗 组 胺 药 缓 解 感 冒 患 者 鼻\n塞、流 涕 和 打 喷 嚏 等 症 状 [12,210], 但 De Sutter\n等 [211]荟萃分析显 示, 即 使 是 第 一 代 抗 组 胺 药, 控\n制症状的疗效也有限,仅在感冒症状起始前 2d有\n缓解成人 (而非儿童)流涕和打喷嚏效果,但对鼻\n塞无效。\n鼻减充血剂主要为拟交感活性药,有口服和鼻\n腔局 部 用 药 剂 型, 包 括 伪 麻 黄 碱、 苯 肾 上 腺 素、\nPPA、羟甲唑啉 和 赛 洛 唑 啉 (也 称 丁 苄 唑 啉) 等,', '作用 ， 镇静和嗜睡不良反应较少见 。 第一代口服抗\n组胺药由于明显的中枢抑制和抗胆碱能作用 ， 以及\n对认知功能的潜在影响 ， 不推荐用于儿童 、 老年人\n以及从事危险性职业 （ 例如高空作业 、 职业驾驶员\n等 ） 的特殊人群\n［ 30 ， 35 ， 90 ］\n。 口服抗组胺药罕见发生心\n脏毒性作用 ， 但应引起重视 ， 临床表现为 QT 间期延\n长 、 尖端扭转型室性心动过速等严重心律失常 ， 如\n阿司咪唑 、 特非那定禁止与大环内酯类抗生素 、 抗\n真菌药物 、 人类免疫缺陷病毒蛋白酶抑制剂及其他\n可潜在引起心律失常类药物合用\n［ 90 ］\n。 部分第二代\n口服抗组胺药会加重酒精造成的认知和精神运动\n障碍 ， 所以用药期间需作好患者健康教育\n［ 98 ］\n。\n2 . 鼻用抗组胺药 ： 是 AR 的一线治疗药物 ， 临床\n推荐使用 。 其疗效相当于或优于第二代口服抗组\n胺药\n［ 35 ， 99 - 100 ］\n， 特别是对鼻塞症状的缓解\n［ 35 ， 99 ］\n。 一般\n每天用药 2 次 ， 疗程不少于 2 周 。 鼻用抗组胺药比', '血 小 板 活 化 因 子 等 炎 性 介 质 的 表 达 、 释 放 和\n功能\n［ 91 ］\n。\n1 . 口服抗组胺药 ： 第二代抗组胺药为 AR 的一\n线治疗药物 ， 临床推荐使用\n［ 92 - 93 ］\n。 这类药物起效快\n速 ， 作用持续时间较长 ， 能明显缓解鼻部症状特别\n是鼻痒 、 喷嚏和流涕 ， 对合并眼部症状也有效 ， 但对\n改善鼻塞的效果有限\n［ 30 - 31 ， 94 ］\n。 一般每天只需用药\n1 次 ， 疗程不少于 2 周 。 对花粉过敏的患者 ， 推荐在\n致敏花粉播散前进行预防性治疗\n［ 95 ］\n， 有利于症状控\n制 ， 并根据花粉播散时间以及对症状产生的影响而\n决定疗程 。 第二代抗组胺药可常规用于老年 AR 患\n者\n［ 93 ］\n。 研究显示 ， 第二代口服抗组胺药对鼻部症状\n的疗效虽然不及鼻用激素 ， 但能有效控制轻度和大\n部分中 ‑ 重度 AR\n［ 6 ， 96 - 97 ］\n。\n第二代口服抗组胺药具有良好的安全性 ， 其血\n脑屏障的穿透性低 ， 减少了对中枢神经系统的抑制\n作用 ， 镇静和嗜睡不良反应较少见 。 第一代口服抗', '伴有 AR 的 CRS 患者，可使用第二代口服抗组胺药\n或 鼻 用 抗 组 胺 药；对 于 伴 有AR、哮 喘、N⁃ERD 的\nCRSwNP 患者，可使用口服抗白三烯药 。\n抗组胺药有助于改善过敏症状 。新型的第二\n代抗组胺药除了抗过敏反应作用外 ，还具有一定的\n抗炎特性\n［146］\n。目前抗组胺药治疗 CRS 的高质量证\n据非常有限 ，仅有一项研究显示西替利嗪可改善\nCRSwNP 患者的过敏症状\n［147］\n，但对息肉大小没有\n影响\n［148］\n。\n半胱氨酸白三烯是由嗜酸粒细胞和肥大细胞\n等炎性细胞通过花生四烯酸代谢合成的炎性介质 ，\n具有增加血管通透性 、活化嗜酸粒细胞 、诱导腺体\n过度分泌 、扩张血管 、增加气道阻力等作用\n［149］\n。抗\n白三烯药可减少 CRSwNP 的嗜酸粒细胞炎症\n［150］\n，\n对 CRSwNP 患者症状的改善优于安慰剂\n［151］\n；合并\n过敏的 CRSwNP 患者对抗白三烯药反应更佳 。抗\n白三烯药也有助于改善合并 AR 的 CRSsNP 患者症\n状，并减少抗组胺药的使用\n［151⁃152］\n。使用抗白三烯', '的 AR 可考虑短期口服糖皮质激素 ， 宜选择安全性\n和耐受性较好的剂型 ， 剂量按患者体重计算 （ 以泼\n尼松为例 ， 剂量为 0 . 5 ~ 1 . 0 mg/kg ） ， 早晨顿服 ， 疗程\n4 ~ 7 d\n［ 27 ］\n。 必须注意全身使用糖皮质激素的不良反\n应 ， 避免用于儿童 、 老年人以及有糖皮质激素使用\n禁忌证的患者\n［ 27 ］\n。\n3 . 注射糖皮质激素 ： 临床不推荐应用肌肉 、 静\n脉或鼻内注射糖皮质激素 。\n（ 二 ） 抗组胺药\nH 1 抗组胺药 （ 简称抗组胺药 ） 与组胺共有的乙\n胺基团 X‑CH\n2\n‑CH\n2\n‑N 可以直接阻断组胺与 H 1 受体\n的结合 ， 发挥拮抗组胺作用 ， 也称 H 1 受体拮抗剂 。\n目前认为 ， 抗组胺药作为反向激动剂竞争性结合\nH 1 受体 ， 稳定其非活性构象 ， 使平衡向非活性状态\n转换\n［ 90 ］\n。 研究还表明 ， 第二代抗组胺药具有一定的\n抗炎作用 ， 包括抑制黏附分子 、 白三烯 、 5 ‑ 羟色胺和\n血 小 板 活 化 因 子 等 炎 性 介 质 的 表 达 、 释 放 和\n功能\n［ 91 ］\n。', '状，并减少抗组胺药的使用\n［151⁃152］\n。使用抗白三烯\n药时需考虑其易怒 、躁动等精神健康不良反应 ，充\n分评估患者的获益及风险 。\n四、抗菌药物\n在 CRS 急性发作感染加重期 ，或出现眶 、颅并\n发 症 时，推 荐 参 考《国 家 抗 微 生 物 治 疗 指 南（第\n3 版） 》\n［153］\n的急性鼻窦炎治疗方案使用抗菌药物 ，但\n应严格掌握适应证\n［39］\n。\nCRS 发病与微生物感染关系不明确 ，抗菌药物\n的使用对鼻腔微生物群有一定影响\n［4］\n，但目前尚无\n强有力的证据表明局部 、口服或静脉使用抗菌药物\n在 CRS 治疗中有确切疗效\n［154⁃155］\n，因此 CRS 治疗以\n抗炎为主 。对于 CRS 手术患者 ，根据《抗菌药物临\n床应用指导原则（2015 年版） 》 ，围手术期应预防性\n使用抗菌药物 ，通常选择一代头孢 。对于 CRS 急性\n发作患者 ，常选口服阿莫西林 /克拉维酸或头孢呋\n辛酯，疗程 7~10 d；备选治疗包括口服头孢克洛 、头\n孢丙烯、第三代喹诺酮类药物 ；对于耐药患者 ，可以\n根据分泌物细菌培养及药物敏感试验选择敏感抗', '孢丙烯、第三代喹诺酮类药物 ；对于耐药患者 ，可以\n根据分泌物细菌培养及药物敏感试验选择敏感抗\n生素。抗菌药物的不良反应主要包括过敏反应 、胃\n肠道反应、神经系统反应 、肝肾功能异常 、血液系统\n异常、二重感染、心血管事件风险等 ，在治疗过程中\n应注意监测 。\n五、黏液溶解促排剂\n在 CRS 的综合治疗中 ，黏液溶解促排剂可作为\n辅助性治疗药物\n［3， 26， 156］\n。\n黏液溶解促排剂可影响呼吸道黏液性质和促\n进分泌物清除 ，主要包括黏液溶解剂和黏液促排\n剂。黏液溶解剂有助于减少 CRS 患者鼻腔分泌物\n中的中性粒细胞数量 ，改善由中性粒细胞弹性蛋白\n酶和氧化剂引起的鼻黏液特征\n［26］\n，降低黏稠度 ，促\n进术后鼻腔干痂降解\n［156］\n。黏液促排剂能增强黏膜\n纤毛活性 ，提高纤毛黏液清除率 ，使黏液易于排出 。\n黏液溶解促排剂的安全性和耐受性良好 ，不良反应\n轻微 ，偶有胃肠道不适及过敏反应 ，但关于黏液溶\n解促排剂在 CRS 中的临床疗效尚缺乏高级别循证\n证据。\n六、减充血药物\n持续性严重鼻塞和 CRS 急性发作时 ，可短期使', '者病史和临床表现高度怀疑 AR ， 而 SPT 及血清特\n表 1 不同药物对 皮肤点刺试验 （ SPT ） 结果的抑制程度\n及 SPT 前停药推荐时间\n［ 36 - 38 ］\n药物\nH 1 抗组胺药\n口服\n鼻用\nH 2 抗组胺药\n丙咪嗪\n吩噻嗪\n糖皮质激素\n短期全身\n长期全身\n吸入性\n皮肤外用\n多巴胺\n可乐定\n孟鲁司特\n特异性免疫治疗\n抑制 SPT 结果的程度\n++++\n0 至 +\n0 至 +\n++++\n+ 至 ++\n0\n可能\n0\n+ 至 ++\n+\n++\n0\n0 至 ++\nSPT 前停药时间\n2 ~ 7 d\n—\n—\n21 d\n10 d\n—\n—\n—\n7 d\n—\n—\n—\n—\n注 ： —为无需停药\n·· 109']",第二代抗组胺药为AR的一线治疗药物，临床推荐使用。这类药物起效快速，作用持续时间较长，能明显缓解鼻部症状特别是鼻痒、喷嚏和流涕，对合并眼部症状也有效，但对改善鼻塞的效果有限。一般每天只需用药1次，疗程不少于2周。第二代口服抗组胺药具有良好的安全性，其血脑屏障的穿透性低，减少了对中枢神经系统的抑制作用，镇静和嗜睡不良反应较少见。,起效快、不嗜睡、心脏副作用小，控制喷嚏、鼻痒、流涕,,,
白三烯受体拮抗剂(孟鲁司特)适合哪种鼻炎？,"['口服白三烯受体拮抗剂为治疗 AR 的一线药\n物 ， 临床推荐使用 。 孟鲁司特是临床最为常用的口\n服白三烯受体拮抗剂 ， 成人 10 mg 每晚睡前口服 ，\n推荐连续使用 8 ~ 12 周 ； 儿童可根据年龄酌情减为\n4 mg 或 5 mg 的片剂或颗粒剂 。 口服白三烯受体拮\n抗剂对鼻塞症状的改善作用优于第二代口服抗组\n胺药 ， 而且能有效缓解喷嚏和流涕症状 ， 可用于伴\n或不伴哮喘的所有类型的 AR 患者 。 口服白三烯受\n体拮抗剂可以单独应用 ， 但更推荐与第二代抗组胺\n药和 / 或鼻用激素联合使用 。 meta 分析显示 ， 孟鲁\n司特单独使用对 AR 患者的鼻 、 眼症状及生活质量\n均有明显改善\n［ 106 ］\n； 一项常年性 AR 的临床开放性研\n究表明 ， 孟鲁司特使用 12 周时的疗效显著优于使\n用 2 周和 4 周时的疗效 ， 提示口服白三烯受体拮抗\n剂的治疗时间要足够长\n［ 107 ］\n。 但也有研究提示单用\n口服白三烯受体拮抗剂对比单用抗组胺药物并无\n明显获益\n［ 108 ］\n。 而与单用鼻用激素相比 ， 单用口服\n白三烯受体拮抗剂的效果欠佳', 'fmx_T3RoZXJNaXJyb3Jz\n中华耳鼻咽喉头颈外科杂志 2022 年 2 月第 57 卷第 2 期 Chin J Otorhinolaryngol Head Neck Surg , February 2022 , Vol . 57 , No . 2\n性介质的统称 ， 其主要作用是刺激血管平滑肌扩\n张 ， 增加容量血管的通透性 ， 导致黏膜充血 、 肿胀 。\n白三烯还能促进嗜酸粒细胞的趋化 、 黏附 、 活化和\n抗凋亡 ， 刺激上皮杯状细胞和腺体分泌黏液 。 白三\n烯是引起 AR 患者产生鼻塞 、 流涕等鼻部症状的主\n要炎性介质之一\n［ 94 ］\n。 临床上用于治疗 AR 或哮喘的\n抗白三烯药主要为白三烯受体拮抗剂 （ 如扎鲁司特\n和孟鲁司特 ） 和白三烯合成抑制剂 。 白三烯受体拮\n抗 剂 通 过 竞 争 性 结 合 1 型 半 胱 氨 酰 白 三 烯 受 体\n（ CysLT 1 ） ， 阻断各类白三烯的生物学作用而发挥抗\n过敏和抗炎作用\n［ 94 ， 105 ］\n。\n口服白三烯受体拮抗剂为治疗 AR 的一线药\n物 ， 临床推荐使用 。 孟鲁司特是临床最为常用的口', '明显获益\n［ 108 ］\n。 而与单用鼻用激素相比 ， 单用口服\n白三烯受体拮抗剂的效果欠佳\n［ 108 ‑ 110 ］\n。\n白三烯受体拮抗剂的安全性和耐受性良好 ， 不\n良 反 应 较 轻 微 ， 主 要 为 头 痛 、 口 干 、 咽 炎 等 。 在\n35 项针对成人和 11 项针对儿童的随机 、 双盲 、 安慰\n剂对照临床试验中 ， 孟鲁司特的行为相关不良事件\n发生率为 2 . 73 % ， 与安慰剂相比无显著差异\n［ 111 ］\n。 虽\n然循证医学证据尚不充足 ， 但临床医生应注意筛查\n精神症状高风险的患者 ， 防患于未然\n［ 112 ］\n。\n（ 四 ） 肥大细胞膜稳定剂\n肥大细胞膜稳定剂通过抑制细胞内环磷腺苷\n磷酸二酯酶 ， 使细胞内环磷腺苷浓度增加 ， 阻止钙\n离子转运入肥大细胞内 ， 稳定肥大细胞膜 ， 阻止肥\n大细胞脱颗粒 ， 抑制组胺 、 5 ‑ 羟色胺及白三烯等多\n种炎性介质的释放 ， 发挥抗过敏作用 。\n肥大细胞膜稳定剂为 AR 的二线治疗药物 ， 临\n床酌情使用 。 这类药物属于色酮类化合物 ， 包括色', 'Montelukast for allergic rhinitis : A systematic review and\nmeta‐analysis [ J ]. Biomed Pharmacother , 2016 , 83 :\n989 ‐ 997 . DOI : 10 . 1016 /j . biopha . 2016 . 08 . 003 .\n[ 128 ] 陆忆 , 殷敏 , 程雷 . 白三烯受体拮抗剂孟鲁司特治疗变应性\n鼻炎的荟萃分析 [ J ]. 中华耳鼻咽喉头颈外科杂志 , 2014 ,\n49 ( 8 ): 659 ‐ 667 . DOI : 10 . 3760 /cma . j .\nissn . 1673 ‐ 0860 . 2014 . 08 . 009 .\n[ 129 ] 冯韶燕 , 樊韵平 , 李磊 , 等 . 白三烯受体拮抗剂联合鼻用激\n素治疗变应性鼻炎的系统评价 [ J ]. 临床耳鼻咽喉头颈外科\n杂 志 , 2015 , 29 ( 3 ): 207 ‐ 211 . DOI : 10 . 13201 /j .', 'fmx_T3RoZXJNaXJyb3Jz\n中华耳鼻咽喉头颈外科杂志 2022 年 2 月第 57 卷第 2 期 Chin J Otorhinolaryngol Head Neck Surg , February 2022 , Vol . 57 , No . 2\n的日间和夜间症状 （ 包括鼻塞及睡眠障碍 ） 的改善\n作用更显著 ， 其疗效优于孟鲁司特或抗组胺药单独\n治疗\n［ 127 - 128 ］\n。 另有 meta 分析显示 ， 白三烯受体拮抗\n剂与鼻用激素联合治疗 AR ， 其疗效优于鼻用激素\n单独治疗 ， 原因可能与糖皮质激素对脂质代谢和半\n胱氨酰白三烯的合成及白三烯诱导后续的炎性反\n应过程缺乏有效的抑制效应有关\n［ 129 - 130 ］\n。 因此 ， 对\n鼻用激素治疗后鼻部症状 （ 主要是鼻塞 ） 未得到良\n好控制的中 ‑ 重度 AR ， 可联合使用白三烯受体拮抗\n剂以增强疗效\n［ 131 - 132 ］\n。 有研究显示 ， 对于鼻塞症状\n严重的 AR 患者 ， 在鼻用激素治疗时联合使用鼻用\n减充血剂 2 ~ 4 周 ， 能明显提高疗效 ， 并且未发生药\n物性鼻炎', '状，并减少抗组胺药的使用\n［151⁃152］\n。使用抗白三烯\n药时需考虑其易怒 、躁动等精神健康不良反应 ，充\n分评估患者的获益及风险 。\n四、抗菌药物\n在 CRS 急性发作感染加重期 ，或出现眶 、颅并\n发 症 时，推 荐 参 考《国 家 抗 微 生 物 治 疗 指 南（第\n3 版） 》\n［153］\n的急性鼻窦炎治疗方案使用抗菌药物 ，但\n应严格掌握适应证\n［39］\n。\nCRS 发病与微生物感染关系不明确 ，抗菌药物\n的使用对鼻腔微生物群有一定影响\n［4］\n，但目前尚无\n强有力的证据表明局部 、口服或静脉使用抗菌药物\n在 CRS 治疗中有确切疗效\n［154⁃155］\n，因此 CRS 治疗以\n抗炎为主 。对于 CRS 手术患者 ，根据《抗菌药物临\n床应用指导原则（2015 年版） 》 ，围手术期应预防性\n使用抗菌药物 ，通常选择一代头孢 。对于 CRS 急性\n发作患者 ，常选口服阿莫西林 /克拉维酸或头孢呋\n辛酯，疗程 7~10 d；备选治疗包括口服头孢克洛 、头\n孢丙烯、第三代喹诺酮类药物 ；对于耐药患者 ，可以\n根据分泌物细菌培养及药物敏感试验选择敏感抗', '善鼻塞 、 鼻痒和喷嚏等\n［ 116 ］\n。 苯环喹溴铵为国内自\n主研制药物 ， 临床应用时间较短 ， 尚待进一步开展\n高质量的真实世界研究 。 异丙托溴铵是第四代阿\n托品类药物 ， 可抑制浆黏液腺分泌 ， 主要用于改善\n流涕症状 ， 对常年性鼻炎和感冒也有疗效 ， 但对鼻\n痒 、 喷嚏和鼻塞等症状无明显效果\n［ 24 ］\n。 各种鼻用抗\n胆碱能药的用法用量 ， 具体参照药品说明书 。\n鼻用抗胆碱能药很少全身吸收 ， 无明显全身性\n抗胆碱能作用 ， 但对严重心血管系统疾病 、 闭角型\n青光眼 、 前列腺增生或膀胱颈梗阻的患者应慎用 。\n局部除可有鼻黏膜干燥 、 出血等不适外 ， 对鼻腔黏\n液纤毛传输功能无影响 ， 长期使用未见反跳作用 、\n黏膜损伤等不良反应\n［ 117 ］\n。 有鼻腔出血现象的患者\n慎用 。\n（ 七 ） 中药\n祖国医学提倡辨证论治 ， AR 属于中医 “ 鼻鼽 ”\n的范畴 ， 其常见证型为肺气虚寒证 、 脾气虚弱证 、 肾\n阳不足证和肺经伏热证 。 一项纳入 7 个随机对照\n试验的 meta 分析显示 ， 中草药与安慰剂相比可明', '（ 十 ） 药物联合治疗策略\n对于轻度 AR 和中 ‑ 重度间歇性 AR ， 使用一线\n药物单一治疗通常能获得良好的疗效 ； 对于中 ‑ 重\n度持续性 AR ， 推荐在首选鼻用激素的基础上联合\n使用第二代抗组胺药和 / 或白三烯受体拮抗剂\n［ 31 ］\n。\nARIA （ 2016 年 ） 指出\n［ 17 ］\n， 对于季节性 AR 的治疗 ， 可\n选择鼻用激素联合第二代口服抗组胺药或鼻用抗\n组胺药 ； 对于常年性 AR 的治疗 ， 则建议联合使用鼻\n用激素和鼻用抗组胺药 ， 但证据确定性均不高 ， 有\n待进一步开展高质量临床研究 。\nMeta 分析显示 ， 白三烯受体拮抗剂孟鲁司特与\n第二代口服抗组胺药联合使用 ， 对季节性 AR 患者\n·· 115']",变应性鼻炎。,伴哮喘、过敏性鼻炎、夜间症状明显,,0.2298972540238894,1.0
感冒什么时候用抗菌药？,"['用抗生素治疗。\n附注:感冒 早 期 (3~5d 内 ) 很 难 通 过 临 床\n症状鉴别是否合并有细菌感染,且大量临床研究显\n示抗生素应用不仅不会使患者获益,反而会导致资\n源浪费、不良反应增加和细菌耐药性增强,因此在\n普通感冒早期 (症 状 起 始 5d 内), 反 对 推 荐 抗 生\n素治疗。\n3 4 2 问 题 PICO11: 如 何 判 断 普 通 感 冒 合 并 了\n细菌感染? 如何经验性抗感染治疗?\n推荐意见20:感冒可诱 发 细 菌 性 CAP 和 慢 性\n结构性肺部 疾 病 急 性 发 作 (如 COPD 和 支 气 管 扩\n张急性发作),推荐 及 时 参 照 相 关 指 南 进 行 诊 断 和\n治疗 (中质量证据)。\n推荐意见21:若感冒症状持续超过7~10d或\n5d 后 症 状 不 缓 解 反 而 加 重, 且 出 现 以 下 状 况:\n(1)鼻涕 或 痰 液 性 状 和 颜 色 变 化; (2) 发 热 >\n38 ℃;(3) 症 状 缓 解 后 又 加 重; (4) 单 侧 颌 面 部\n疼痛;(5)CRP 和 PCT 增高,可考虑并发 ABRS。', '否存在细菌 共 感 染 [33,278], 早 期 应 用 抗 生 素 不 能 降\n低感冒并发症 [279-280]。Kenealy和 Arroll\n[281-282]曾 两\n次对普通感冒和急性化脓性鼻炎是否需用抗生素做\n了系统性评估,结果显示:抗生素治疗对普通感冒\n或急性化脓性鼻炎无益,且在不同年龄层都会有不\n良反应。\n其他证据:感冒 3~5d 内 有 些 患 者 会 出 现 脓\n性鼻腔分泌物,不一定是细菌感染,而与病毒导致\n的中性粒细胞局部浸润有关,脓性分泌物是中性粒\n细胞的颜色而不 是 细 菌 感 染 所 致 [283]。 针 对 慢 性 支\n气管炎急性发作 的 研 究 也 有 类 似 发 现 [284], 即 痰 液\n颜色 与 细 菌 感 染 类 型 无 关。 多 份 国 内 外 相 关 指\n南 [12,14,277,285],包括 新 近 更 新 的 指 南 [2,58], 意 见 一\n致,在感冒早期 (症 状 起 始 5d 内), 反 对 推 荐 应\n用抗生素治疗。\n附注:感冒 早 期 (3~5d 内 ) 很 难 通 过 临 床', '充血、水肿、咽痛等症状者，可应用盐酸伪麻黄碱等\n可选择性收缩上呼吸道黏膜血管的药物，也可用\n1％麻黄碱滴鼻。有频繁喷嚏、多量流涕等症状的\n患者，可酌情选用马来酸氯苯那敏、氯雷他定或苯\n海拉明等抗过敏药物。临床常用于缓解感冒症状\n的药物均为复方非处方药(OTC)制剂。因为这类\n药物有头晕、嗜睡等不良反应，故宜在睡前服用，驾\n驶员和高空作业者避免使用。临床常用抗感冒药\n复方制剂的组成成分及作用见表2。\n(4)镇咳：对于咳嗽症状较为明显者，可给予氢\n溴酸右美沙芬、可待因等镇咳药b1。\n2．病因治疗：\n(1)抗病毒药物治疗【41：一般无需进行积极抗\n病毒治疗。\n(2)抗菌药物治疗：单纯病毒感染无需使用抗\n菌药物，有外周血白细胞计数升高、咽部脓苔、咳黄\n痰等细菌感染证据时，可酌情使用青霉素、第一代\n头孢菌素、大环内酯类或喹诺酮类。极少需要根据\n病原菌选用敏感的抗菌药物。\n万方数据', '均每人每年发生 4~6 次\n[1]\n。目前尚无专门针对普通感冒的\n特异性抗病毒药物 ， 临床主要采用对症治疗，如解热镇痛\n剂、鼻充血减轻剂 、 抗组胺药、镇咳药、祛痰药等，欧美\n等国家建议除解热镇痛药物外 ， 非处方类感冒咳嗽药不用\n于 2~6 岁 以下儿童\n[3]\n； 且国内临床存在抗生素过度使用的\n情况\n[4]\n。中药治疗本病独具特色，具有缩短病程及退热时\n间，改善咳嗽、 鼻塞、流涕、咽红等临床症状和体征的功\n效，临床使用有较高的安全性和有效性 。 然而用药过程中\n存在辨证不准确， 使用不恰当情况，存在重复、叠加用药，\n容易增加腹泻 、 恶心等不良反应。为此，国家中医药管理\n局立项《中成药治疗优势病种临床应用指南》标准化项目，\n由\n中国中药协会承担 ， 由天津中医药大学第一附属医院、\n北京儿童医院牵头 ， 组织行业内中西医临床专家、指南研\n究方法学专家 、 药学专家成立中成药治疗小儿急性上呼吸\n道感染指南研究课题组 ， 遵照 GRADE 方法，并依据世界\n卫生组织（WHO）指南制定手册，遵循“循证为主、共识\n为\n辅、经验为鉴”原则，参考当前最佳证据，制定了中国\n《', 'coldarefinallygivenaftercarefulweighingthebenefitandharmoftheinterventions Theprinciple\nandpracticeoftraditional medicine includingtraditionalChinese medicine inthediagnosisand\ntreatmentofcommoncoldarenotaddressedinthispaper \n【Keywords】 Commoncold Evidence-basedmedicine Guidelines\nDOI 10 3760 cma j cn131368-20221221-01138\n普通感 冒 (简 称 感 冒) 是 一 种 局 限 于 上 呼 吸\n道的病症,临床表现为鼻塞、流涕、咽痛和咳嗽等\n症候,可 由 不 同 种 类 病 毒 感 染 引 发, 为 自 限 性 疾\n病,症状持续 时 间 通 常 <10d\n[1-2]。 成 年 感 冒 患 者\n上呼吸道及 副 鼻 窦 影 像 学 研 究 表 明 [3-4], 感 冒 具 有', '治疗 3 天 ，可缓解咽痛、头痛、四肢酸痛症状，缩短退热\n时间（2D） 。\n使 用 条 件 ： 3~5 岁，1 次 1 粒，6~10 岁，1 次 2 粒，\n>11 岁 ， 1 次 4 粒，1 天 3 次（基于专家经验的专家共识） 。\n对于服药困难患儿，可去掉胶囊，将药粉溶于水冲服。\n安全性 ： 上述推荐意见的安全性证据尚不充分，临床\n医生在使用时需注意观察患者实际用药安全性。\n证据描述：1 项研究\n[53]\n报道了连花清瘟胶囊治疗 3 天\n对流感患儿 （120 例）发热、头痛、咽痛、肌肉痛的影\n响。对照奥司他韦颗粒 。Meta 分析结果显示，总有效率\n不 劣 于 奥 司 他 韦 颗 粒[RR=1.07，95%CI[0.98，1.28） ，\nP=0.15]； 退 热时间短于奥司他韦颗粒 [MD=-0.60，95%CI\n（-0.78，-0.42） ，P<0.0001]。\n解释说明 ： 时疫外感为小儿感冒常见证型，连花清瘟\n胶囊虽证据质量不到 B 级 ，但临床应用广泛，疗效确切，\n且用药急需 ，专家共识推荐高达 86%，但考虑该药为成人\n药品，故在此给予弱推荐。', '状，并减少抗组胺药的使用\n［151⁃152］\n。使用抗白三烯\n药时需考虑其易怒 、躁动等精神健康不良反应 ，充\n分评估患者的获益及风险 。\n四、抗菌药物\n在 CRS 急性发作感染加重期 ，或出现眶 、颅并\n发 症 时，推 荐 参 考《国 家 抗 微 生 物 治 疗 指 南（第\n3 版） 》\n［153］\n的急性鼻窦炎治疗方案使用抗菌药物 ，但\n应严格掌握适应证\n［39］\n。\nCRS 发病与微生物感染关系不明确 ，抗菌药物\n的使用对鼻腔微生物群有一定影响\n［4］\n，但目前尚无\n强有力的证据表明局部 、口服或静脉使用抗菌药物\n在 CRS 治疗中有确切疗效\n［154⁃155］\n，因此 CRS 治疗以\n抗炎为主 。对于 CRS 手术患者 ，根据《抗菌药物临\n床应用指导原则（2015 年版） 》 ，围手术期应预防性\n使用抗菌药物 ，通常选择一代头孢 。对于 CRS 急性\n发作患者 ，常选口服阿莫西林 /克拉维酸或头孢呋\n辛酯，疗程 7~10 d；备选治疗包括口服头孢克洛 、头\n孢丙烯、第三代喹诺酮类药物 ；对于耐药患者 ，可以\n根据分泌物细菌培养及药物敏感试验选择敏感抗', '中介肺炎链球菌和青霉素耐药肺炎链球菌的敏感度\n均在30%以下,但万古霉素和利奈唑胺保持100%\n敏感度; 未 发 现 金 葡 菌 对 万 古 霉 素、 去 甲 万 古 霉\n素、利奈唑胺和替考拉宁耐药;抗生素对成人流感\n嗜血杆菌敏 感 度 依 次 为 左 氧 氟 沙 星 (98 3%)、 头\n孢曲松 (93 1%)、阿莫西林/克拉维酸 (81 4%)、\n阿奇霉素 (77 2%) 和 头 孢 呋 辛 (64 9%)。 流 感\n嗜血杆菌 对 氨 苄 西 林 耐 药 性 逐 年 增 加,2021 年 达\n到62 2%, 与 产 β-内 酰 胺 酶 菌 株 比 例 增 高\n有关 [290,292]。\n附注:感冒继发 ABRS较少见。ABRS与普通\n感冒累 及 部 位 相 同, 但 治 疗 方 法 迥 异。 若 明 确 为\nABRS,抗生素是重要 治 疗 手 段。经 验 性 应 用 抗 生\n素,需要参 考 当 地 细 菌 耐 药 流 行 病 学 和 患 者 90d\n内抗生素用药情况。\n利益冲突 所有编写组成员声明无利益冲突;本 《指南》 编写的经\n费为编写组自筹,无其他方面的经济资助']",感冒症状持续超过7~10天或5天后症状不缓解反而加重，且出现鼻涕或痰液性状颜色变化、发热>38℃、症状缓解后又加重、单侧颌面部疼痛、CRP和PCT增高等情况时，可考虑使用抗菌药。感冒早期（症状起始5天内）反对推荐使用抗生素。,明确细菌感染：高热不退、脓涕、白细胞升高；普通感冒不用抗生素,,,1.0
慢性鼻窦炎药物治疗方案？,"['序号\n1\n2\n3\n4\n5\n6\n问题\n慢性鼻窦炎患者如何选择糖皮质激素治疗 ？\n严重鼻窦炎伴有鼻息肉患者选择何种手术方式 ？\n慢性鼻窦炎合并变应性鼻炎和 /或哮喘患者是否推\n荐使用过敏原特异性免疫治疗 ？\n治疗效果不佳的鼻窦炎是否使用生物制剂 ？\n2 型、嗜酸性慢性鼻窦炎的诊断依据 ？\n慢性鼻窦炎预后不良的预测指标有哪些 ？\n·· 234', 'Chinese Medical Association\n前  言\n慢性鼻窦炎（CRS）是耳鼻咽喉头颈外科的常\n见多发病 ，其病因学及病理生理机制复杂 。在《中\n国慢性鼻窦炎诊断和治疗指南（2018） 》及欧洲鼻窦\n炎和鼻息肉意见书 （EPOS）2020 年版发表后 ，国际\n上 CRS 相关免疫病理学以及包括生物治疗在内的\n临床治疗研究均取得了显著进展 ；我国 CRS 的临床\n诊疗和科学研究水平也迅速提高 ，基于临床表型和\n免疫病理分型的 CRS 发病机制、免疫病理学特征及\n相关临床预后研究 ，以及生物制剂临床治疗的随机\n对照试验（RCT）研究等取得了具有国际前沿水平\n的成果 ，促进了 CRS 诊疗策略的个体化和精细化 。\n为顺应临床诊疗研究和实践的发展需求 ， 《中华耳\n鼻咽喉头颈外科杂志》编辑委员会鼻科组联合中华\n医学会耳鼻咽喉头颈外科学分会鼻科学组 ，决定对\n《中国慢性鼻窦炎诊断和治疗指南 （2018） 》进行修\n订。本次修订基于我国循证医学研究的结果 ，针对\n备受瞩目的临床若干问题进行重新审定 、补充完\n善，使之更易于临床推广应用 。需要指出的是 ，鼻', '时，持续时间需 ≤7 d，并做好儿童及家长的用药指\n导。在急性发作及感染加重期或出现眶 、颅并发症\n时，应早期给予足量足疗程抗生素 ，并根据相应病\n原学检查结果调整用药 。不推荐常规使用口服糖\n皮质激素治疗 ，当出现眶、颅并发症时 ，可在足量应\n用抗生素的情况下 ，早期有限制地使用 ，并严密监\n测不良反应\n［272］\n。靶向 T2 炎症的生物制剂在成人严\n重 和 难 治 性CRSwNP 的 治 疗 中 展 现 出 良 好 的 前\n景\n［273］\n，但尚缺乏儿童患者的用药研究 。鼻窦负压\n置换适用于治疗儿童 CRS 及亚急性鼻窦炎 ，尤其是\n伴有鼻腔黏脓性分泌物时 ，但应注意低龄儿童的配\n合度和操作规范性 。儿童行鼻腔冲洗适合用喷雾\n法，对于 2 岁以下婴幼儿不建议使用高渗液体 。\n对于规范药物治疗仍然不能有效控制的儿童\nCRS，宜于综合分析评估后行手术治疗\n［274］\n，推荐阶\n梯治疗方案 。腺样体切除可作为儿童 CRS 的一线\n治疗方式\n［167］\n，对于仍然效果不佳者可考虑 FESS。\n上颌窦后鼻孔息肉是一种鼻腔鼻窦疾病 ，息肉来源\n于上颌窦内 ，经上颌窦口或副上颌窦口突出上颌窦', '慎重选择\n［28， 187⁃188］\n。\n1. 鼻窦开放术（sinusotomy） ：主要适用于相对\n独立的单个鼻窦或局部的单侧或双侧病变 ，如孤立\n性上颌窦 、额窦、蝶窦或筛窦病变等 。常用的术式\n即为内镜下相应的单个鼻窦 、2~3 个鼻窦或局部病\n变切除和 /或开放术 ，包括上颌窦 、额窦 、蝶窦开放\n术或筛窦开放术 ，术中保留鼻甲及窦腔黏膜 。\n2. 鼻 窦 球 囊 扩 张 术（balloon sinuplasty） ：通 过\n导丝或导航引导鼻窦球囊进入并扩大鼻窦窦口 ，并\n通过盐水或药物盥洗的方式 ，促进黏膜炎症的恢\n复。适用于以窦口阻塞为主要特征的非筛窦区域\n的轻症鼻窦炎\n［189］\n。可以单独进行或在鼻窦开放术\n的基础上进行 。\n3. 全组鼻窦开放术 （full⁃house FESS） ：主要内\n容包括切除筛窦间隔的筛窦开放 、Draf Ⅱa 型额窦\n开放 ，以及上颌窦和蝶窦开放 ，保留中鼻甲及鼻窦\n内 黏 膜。 该 术 式 从 入 路 角 度 也 分 为 由 前 向 后 的\nMesserklinger 术式和从后（蝶窦）向前的 Wigand 术', '系统评价方法学质量评价工具\n抗中性粒细胞包质抗体\n变应性鼻炎\nC⁃C 模体趋化因子配体\n慢性鼻窦炎\n慢性鼻窦炎不伴鼻息肉\n慢性鼻窦炎伴有鼻息肉\n 欧洲过敏和临床免疫学学会\n扩大切除内镜鼻窦手术\n嗜酸粒细胞胞外诱捕网\n欧洲鼻窦炎和鼻息肉意见书\n内镜鼻窦手术\n功能性内镜鼻窦手术\n粒细胞集落刺激因子\n推荐意见分级的评估 、制订及评价\n2021 鼻窦炎国际共识\n干扰素\n免疫球蛋白\n影像导航手术\n白细胞介素\n2 型固有淋巴细胞\n非甾体抗炎药加重的呼吸道疾病\n中性粒细胞胞外诱捕网\n鼻泪管\n鼻息肉评分\n人群、干预、对照和结局\n嗅觉障碍生活质量负陈述调查问卷\n随机对照试验\n卫生保健实践指南的报告条目\n健康调查简表\n鼻腔鼻窦结局测试 22\n辅助性 T 细胞\n肿瘤坏死因子\n组织型纤溶酶原激活剂\n调节性 T 细胞\n胸腺基质淋巴细胞生成素\n宾夕法尼亚大学嗅觉识别测试\n视觉模拟量表\n·· 238', 'fmx_T3RoZXJNaXJyb3Jz\n· 236 · 中华耳鼻咽喉头颈外科杂志  2025 年 3 月第 60 卷第 3 期\u3000Chin J Otorhinolaryngol Head Neck Surg , March 2025, Vol. 60, No. 3\n（三）推荐说明\n本推荐意见基于现有证据 ，并参考《中国慢性\n鼻窦炎临床诊断和治疗指南（2018） 》\n［203］\n、ICAR⁃RS⁃\n2021\n［26］\n、EPOS 2020\n［3］\n等推荐意见 。现有证据提示 ，\n不同局部激素给药方式在特定临床结局上具有各\n自优势。鼻喷激素作为非处方药 ，具有较高的可及\n性和低成本 。综合考虑疗效 、安全性 、可及性及成\n本效应，对于以鼻塞或抑制息肉大小为主要结局的\nCRS 患者 ，鼻喷激素为首选治疗 。参考《中国慢性\n鼻窦炎临床诊断和治疗指南 （2018） 》\n［203］\n，指南工作\n组强推荐 CRS 患者进行标准剂量的鼻喷激素治疗 ，\n疗程不少于 12 周。\n对于 CRSsNP 患者 ，口服激素的临床疗效缺乏\n高质量证据\n［26］\n。对于 CRSwNP 患者，口服激素可一', '[204] 司马宇彤 , 赵妍 , 矫健 , 等 . 以慢性鼻窦炎内在型为导向的\n临 床 治 疗 选 择[J]. 临 床 耳鼻 咽 喉 头 颈 外 科 杂 志, 2023, \n37(11): 902‑908. DOI : 10.13201/j. issn. 2096‑7993.2023. \n11.009.\n[205] 许庚 , 李源 , 谢民强 , 等 . 功能性内窥镜鼻窦手术后术腔黏\n膜转归阶段的划分及处理原则 [J]. 中华耳鼻咽喉科杂志 , \n1999, 34(5): 302‑305.\n[206] Matheny KE , Tseng EY, Carter KB Jr, et al. Self‑cross‑linked \nhyaluronic acid hydrogel in ethmoidectomy : a \nrandomized, controlled trial [J]. Am J Rhinol Allergy , 2014, \n28(6): 508‑513. DOI: 10.2500/ajra.2014.28.4106.', 'fmx_T3RoZXJNaXJyb3Jz\n中华耳鼻咽喉头颈外科杂志  2025 年 3 月第 60 卷第 3 期\u3000Chin J Otorhinolaryngol Head Neck Surg , March 2025, Vol. 60, No. 3 · 231 ·\n护理和综合药物治疗才有可能促进鼻窦黏膜形态\n与功能的逐渐恢复 。对于 ESS 术后的患者 ，应该制\n订术后全病程管理策略 ，包括定期进行症状和生活\n质量评估 、术腔鼻内镜检查评估 、伴发疾病状况评\n估及个体化的药物和局部处理方案 。\n1. 药物治疗 ：与前述药物治疗原则和内容基本\n相同，可参照。根据随访所见调整用药 。\n2. 局部处理 ：术后鼻窦黏膜的恢复有其自身规\n律，可分为 3 个阶段 ——术腔清洁阶段 、黏膜转归\n竞争阶段和上皮化阶段\n［205］\n，相对应于国外学者提\n出的炎性反应期 、肉芽期和上皮化重塑期\n［206］\n。其\n处理原则和方法为 ： （1）术后早期（2~4 周）针对窦\n腔积聚的黏液 、假膜、结痂或残留填塞物 ，采用生理\n盐水或具有保湿 、抑菌等功能的鼻腔冲洗液进行清']",标准剂量的鼻喷激素治疗，疗程不少于12周。,鼻用激素、鼻腔冲洗、抗生素(细菌感染时)、黏液促排剂,1.0,,0.75
变应性鼻炎“四位一体”治疗原则？,"['收稿日期 2021 - 12 - 28 本文编辑 方祎\n引用本文 ： 中华耳鼻咽喉头颈外科杂志编辑委员会鼻科组 ， 中华医学会耳鼻咽喉头颈外科学分会鼻科学\n组 . 中国变应性鼻炎诊断和治疗指南 （ 2022 年 ， 修订版 ） [ J ]. 中华耳鼻咽喉头颈外科杂志 , 2022 , 57 ( 2 ):\n106 - 129 . DOI : 10 . 3760 /cma . j . cn 115330 - 20211228 - 00828 .\n·· 106', 'Chinese Medical Association\n前 言\n变应性鼻炎 （ AR ） 是特应性个体暴露于过敏原\n（ 变应原 ） 后主要由免疫球蛋白 E （ immunoglobulin\nE ， IgE ） 介导的鼻黏膜非感染性慢性炎性疾病 。 国\n内外大量的流行病学调查显示 ， 近年来 AR 的患病\n率显著增加 ， 已成为主要的呼吸道慢性炎性疾病 ，\n给患者生活质量和社会经济带来严重影响 。 虽然\n国内外 20 余年来 AR 临床指南已更新数次 ， 但在实\n际应用中仍有诊断和治疗不规范或理论与临床实\n践脱节等诸多现象 ， 不仅影响疗效 ， 且造成医疗资\n源的巨大消耗 。 因此 ， 有必要在医疗卫生保健的各\n个层面采取积极有效的防控措施 ， 包括制 （ 修 ） 订切\n实 可 行 的 临 床 指 南 以 提 高 诊 疗 水 平 和 加 强 疾 病\n管理 。\n针对我国 AR 患病率迅速上升以及对 AR 认识\n的诸多误区和诊疗上的问题 ， 本刊曾先后发表了\n“ 乌 鲁 木 齐 （ 1990 ） ”\n［ 1 ］\n、 “ 海 口 （ 1997 ） ”\n［ 2 ］\n、 “ 兰 州', 'Montelukast for allergic rhinitis : A systematic review and\nmeta‐analysis [ J ]. Biomed Pharmacother , 2016 , 83 :\n989 ‐ 997 . DOI : 10 . 1016 /j . biopha . 2016 . 08 . 003 .\n[ 128 ] 陆忆 , 殷敏 , 程雷 . 白三烯受体拮抗剂孟鲁司特治疗变应性\n鼻炎的荟萃分析 [ J ]. 中华耳鼻咽喉头颈外科杂志 , 2014 ,\n49 ( 8 ): 659 ‐ 667 . DOI : 10 . 3760 /cma . j .\nissn . 1673 ‐ 0860 . 2014 . 08 . 009 .\n[ 129 ] 冯韶燕 , 樊韵平 , 李磊 , 等 . 白三烯受体拮抗剂联合鼻用激\n素治疗变应性鼻炎的系统评价 [ J ]. 临床耳鼻咽喉头颈外科\n杂 志 , 2015 , 29 ( 3 ): 207 ‐ 211 . DOI : 10 . 13201 /j .', '[ 3 ] 中华耳鼻咽喉头颈外科杂志编辑委员会 , 中华医学会耳鼻\n咽喉科分会 . 变应性鼻炎的诊治原则和推荐方案 ( 2004 年 ,\n兰 州 ) [ J ]. 中 华 耳 鼻 咽 喉 头 颈 外 科 杂 志 , 2005 , 40 ( 3 ):\n166 ‐ 167 . DOI : 10 . 3760 /j . issn : 1673 ‐ 0860 . 2005 . 03 . 003 .\n[ 4 ] 中华耳鼻咽喉头颈外科杂志编委会鼻科组 , 中华医学会耳\n鼻咽喉头颈外科学分会鼻科学组 . 变应性鼻炎诊断和治疗\n指 南 ( 2009 年 , 武 夷 山 )[ J ]. 中 华 耳 鼻 咽 喉 头 颈 外 科 杂 志 ,\n2009 , 44 ( 12 ): 977 ‐ 978 . DOI : 10 . 3760 /cma . j .\nissn . 1673 ‐ 0860 . 2009 . 12 . 003 .\n[ 5 ] 中华耳鼻咽喉头颈外科杂志编辑委员会鼻科组 , 中华医学\n会耳鼻咽喉头颈外科学分会鼻科学组 . 变应性鼻炎诊断和', '交感神经反射机制 ， 应该两侧鼻腔同时进行 。 推荐\n使用标准化过敏原试剂 。\n激发试验后 15 ~ 30 min 评估反应 ， 记录产生的\n症 状 （ 表 3 ） ， 并 结 合 鼻 阻 力 检 查 结 果 进 行 综 合 判\n断\n［ 36 ］\n， 存 在 下 述 之 一 情 况 者 为 阳 性 ： ① 在 鼻 压 力\n150 Pa 下 ， 无论有无症状出现 ， 激发后双侧总鼻阻\n力比基础值增加 60 % 以上 ； ② 在鼻压力 150 Pa 下 ，\n激发后总鼻阻力增加 30 % 以上且症状评分为 3 分 ；\n③ 无论总鼻阻力如何 ， 症状评分为 4 分 。 完成试验\n后 ， 应观察至少 2 h 。\n三 、 其他检查\n包括鼻分泌物涂片细胞学检查 、 鼻灌洗液中过\n敏原特异性 IgE 和嗜酸粒细胞阳离子蛋白测定 、 血\n清过敏原组分特异性 IgE 检测 、 外周血嗜碱粒细胞\n活化试验 、 呼出气一氧化氮检测和肺功能检查等 。\n鼻分泌物涂片采用伊红美蓝染色 （ 瑞氏染色 ） ， 高倍\n显微镜下嗜酸粒细胞占比 > 5 % 为阳性 。 鼻灌洗液', 'Immunol , 2011 , 128 ( 6 ): 1139 ‐ 1150 . e 4 . DOI : 10 . 1016 /j .\njaci . 2011 . 09 . 005 .\n[ 91 ] Muñoz‐Cano RM , Casas‐Saucedo R , Valero Santiago A ,\net al . Platelet‐activating factor ( PAF ) in allergic rhinitis :\nClinical and therapeutic implications [ J ]. J Clin Med , 2019 ,\n8 ( 9 ): 1338 . DOI : 10 . 3390 /jcm 8091338 .\n[ 92 ] 程雷 . 变应性鼻炎治疗中应关注的几个临床问题 [ J ]. 中华\n耳 鼻 咽 喉 头 颈 外 科 杂 志 , 2020 , 55 ( 5 ): 437 ‐ 439 . DOI :\n10 . 3760 /cma . j . cn 115330 ‐ 20200323 ‐ 00230 .', '体 评 分 方 法 可 参 照 《 支 气 管 哮 喘 防 治 指 南\n（ 2020 版 ） 》\n［ 45 ］\n。\n二 、 客观评价\n由于 AR 的症状具有间歇性 ， 单独鼻阻力及鼻\n声反射等鼻功能性检查通常不适用于 AR 的疗效评\n估 。 药物治疗的患者的疗效评估主要根据主观评\n价 ， 对于免疫治疗的患者 ， 可参考以下两种客观疗\n效评估方法 。\n（ 一 ） 鼻激发试验\n结合鼻阻力检查结果 ， 比较治疗前后过敏原鼻\n激发试验的评分 ， 可以此为依据进行疗效评价\n［ 202 ］\n。\n详细内容参见前文诊断中第二部分的第三项内容 ，\n有条件的医院可以酌情使用 。\n（ 二 ） 血液检查\n目前尚无公认的特异性血液指标用于监测和\n评 价 免 疫 治 疗 的 临 床 疗 效\n［ 139 ］\n。 过 敏 原 特 异 性\nIgG 4 作为 “ 封闭抗体 ” 与肥大细胞表面的 IgE 抗体\n竞争 ， 免疫治疗后血清特异性 IgG 4 水平与临床疗\n效 可 能 有 一 定 关 系\n［ 203 ］\n。 调 节 性 B 细 胞 产 生 的\nIL‑ 10 可能有助于评价免疫治疗的长期疗效\n［ 204 ］', '基因组机制 ） 。 快速效应可在短时间内控制急性炎\n性反应 ， 缓解症状 ； 基因效应需数日至数周起效 ， 可\n持续控制炎性反应状态 。 鼻内局部使用糖皮质激\n素可以使高浓度的药物直接作用于鼻黏膜的糖皮\n质激素受体部位而发挥治疗作用 。\n1 . 鼻用激素 ： 是 AR 的一线治疗药物 ， 临床推荐\n使用 。 其强力的抗炎特性直接影响 AR 患者鼻腔炎\n症的发展过程 ， 可显著减少炎性介质和细胞因子的\n释放 ， 抑制鼻黏膜和分泌物中嗜酸粒细胞 、 嗜碱粒\n细胞 、 中性粒细胞和单核细胞等的募集 ， 并显著降\n低由过敏原和组胺诱导的鼻腔黏膜高反应性\n［ 24 ］\n。\n鼻用激素分为第一代 （ 包括布地奈德 、 曲安奈德 、 丙\n酸倍氯米松 、 氟尼缩松 ） 和第二代 （ 包括糠酸莫米\n松 、 丙酸氟替卡松 、 糠酸氟替卡松 、 倍他米松 、 环索\n奈德 ） ， 与第一代鼻用激素相比 ， 第二代鼻用激素具\n有高亲脂性 、 与受体结合力强 、 抗炎活性更强 、 生物\n利用度低等特点\n［ 65 ］\n。 在使用时按推荐剂量每天喷']",避免接触过敏原、规范化的药物治疗、过敏原特异性免疫治疗和患者教育。,避免接触过敏原、药物治疗、免疫治疗、患者教育,0.0,,1.0
慢性鼻窦炎手术指征？,"['序号\n1\n2\n3\n4\n5\n6\n问题\n慢性鼻窦炎患者如何选择糖皮质激素治疗 ？\n严重鼻窦炎伴有鼻息肉患者选择何种手术方式 ？\n慢性鼻窦炎合并变应性鼻炎和 /或哮喘患者是否推\n荐使用过敏原特异性免疫治疗 ？\n治疗效果不佳的鼻窦炎是否使用生物制剂 ？\n2 型、嗜酸性慢性鼻窦炎的诊断依据 ？\n慢性鼻窦炎预后不良的预测指标有哪些 ？\n·· 234', '慎重选择\n［28， 187⁃188］\n。\n1. 鼻窦开放术（sinusotomy） ：主要适用于相对\n独立的单个鼻窦或局部的单侧或双侧病变 ，如孤立\n性上颌窦 、额窦、蝶窦或筛窦病变等 。常用的术式\n即为内镜下相应的单个鼻窦 、2~3 个鼻窦或局部病\n变切除和 /或开放术 ，包括上颌窦 、额窦 、蝶窦开放\n术或筛窦开放术 ，术中保留鼻甲及窦腔黏膜 。\n2. 鼻 窦 球 囊 扩 张 术（balloon sinuplasty） ：通 过\n导丝或导航引导鼻窦球囊进入并扩大鼻窦窦口 ，并\n通过盐水或药物盥洗的方式 ，促进黏膜炎症的恢\n复。适用于以窦口阻塞为主要特征的非筛窦区域\n的轻症鼻窦炎\n［189］\n。可以单独进行或在鼻窦开放术\n的基础上进行 。\n3. 全组鼻窦开放术 （full⁃house FESS） ：主要内\n容包括切除筛窦间隔的筛窦开放 、Draf Ⅱa 型额窦\n开放 ，以及上颌窦和蝶窦开放 ，保留中鼻甲及鼻窦\n内 黏 膜。 该 术 式 从 入 路 角 度 也 分 为 由 前 向 后 的\nMesserklinger 术式和从后（蝶窦）向前的 Wigand 术', '95%CI：1.11~10.78）及 失 眠 发 生 率 较 对 照 组 增 加\n（RR=3.63，95%CI：1.10~11.95） 。\n表 5 GRADE 证据质量与推荐强度分级\n类别\n证据质量分级\n高\n中\n低\n极低\n推荐强度分级\n强\n弱\n具体描述\n非常有把握 ：观察值接近真实值\n对观察值有中等把握 ：观察值有可能接近真实\n值，但也有可能差别很大\n对观察值的把握有限 ：观察值可能与真实值有\n很大差别\n对观察值几乎没有把握 ：观察值与真实值可能\n有极大差别\n明确显示干预措施利大于弊或弊大于利\n利弊不确定或无论质量高低的证据均显示利\n弊相当\n表 6 指南问题及推荐意见\n问题\n1. 慢性鼻窦炎患者如何选择糖皮质激素治疗 ？\n2. 严重鼻窦炎伴有鼻息肉患者选择何种手术方式 ？\n3. 慢性鼻窦炎预后不良的预测指标有哪些 ？\n推荐意见\n推荐 CRS 患者使用鼻喷激素治疗改善鼻塞症状及鼻息肉评分（强推荐，高质量证据）\n推荐 CRSwNP 患者使用鼻喷激素治疗以改善患者嗅觉及降低挽救性手术率 （强推荐，极\n低质量证据）', '［86］\n，多为单侧 。常见症状为鼻塞 ，内\n镜下可见鼻腔后部光滑息肉样新生物 ，蒂多源自中\n鼻道。鼻窦 CT 及 MRI 可辅助诊断 。手术是主要治\n疗方法，部分患者术后易复发\n［85⁃87］\n。\n三、鼻腔鼻窦内翻性乳头状瘤\n属上皮源性良性肿瘤 ，约占鼻腔鼻窦肿瘤的\n0.5%~4%\n［88］\n，切除不彻底易复发\n［89⁃92］\n，有一定恶变\n概率\n［91， 93］\n，多单侧发病 。常见症状为鼻塞 ，可伴有\n涕中带血、头面部疼痛及嗅觉异常等 。鼻内镜检查\n图 5 鼻息肉内镜评分［64］\n图 3 鼻窦 Lund⁃Mackay CT 评分法［62］\n图 4 鼻内镜检查 Lund⁃Kennedy 评分法［63］\n·· 225', '系统评价方法学质量评价工具\n抗中性粒细胞包质抗体\n变应性鼻炎\nC⁃C 模体趋化因子配体\n慢性鼻窦炎\n慢性鼻窦炎不伴鼻息肉\n慢性鼻窦炎伴有鼻息肉\n 欧洲过敏和临床免疫学学会\n扩大切除内镜鼻窦手术\n嗜酸粒细胞胞外诱捕网\n欧洲鼻窦炎和鼻息肉意见书\n内镜鼻窦手术\n功能性内镜鼻窦手术\n粒细胞集落刺激因子\n推荐意见分级的评估 、制订及评价\n2021 鼻窦炎国际共识\n干扰素\n免疫球蛋白\n影像导航手术\n白细胞介素\n2 型固有淋巴细胞\n非甾体抗炎药加重的呼吸道疾病\n中性粒细胞胞外诱捕网\n鼻泪管\n鼻息肉评分\n人群、干预、对照和结局\n嗅觉障碍生活质量负陈述调查问卷\n随机对照试验\n卫生保健实践指南的报告条目\n健康调查简表\n鼻腔鼻窦结局测试 22\n辅助性 T 细胞\n肿瘤坏死因子\n组织型纤溶酶原激活剂\n调节性 T 细胞\n胸腺基质淋巴细胞生成素\n宾夕法尼亚大学嗅觉识别测试\n视觉模拟量表\n·· 238', '鼻改良 Lothrop 手术）\n［197］\n。手术需要彻底清除额隐\n窝气房及骨间隔 ，磨除部分上颌骨额突和额鼻嵴\n（炎症负荷） ，分别获得单侧扩大的额窦开口或双侧\n融合的中线额窦引流通道 ，窦口裸露骨面可用游离\n或带蒂鼻腔黏膜瓣修复\n［198⁃199］\n。适用于各型复发性\n慢性额窦炎 、额窦口发育或骨质增生狭窄或额隐窝\n解剖异常，常规方法无法开放额窦的 CRS。\n（三）鼻中隔和鼻甲处理\n1. 中鼻甲的处理 ：中鼻甲是鼻腔功能性结构之\n一，处理原则同样根据 CRS 的病变范围 、炎症类型\n和前期手术史\n［200⁃202］\n，以及对手术操作和预后影响\n等来决定 。处理方式及适应证 ： （1）部分切除中鼻\n甲：影响手术操作、术后术腔通气引流及可能发生术\n腔粘连风险的泡状中鼻甲与黏膜增生肥厚的中鼻\n甲； （2）切除中鼻甲：重度 T2 CRS 伴嗅裂息肉的中鼻\n甲息肉样变，以及中鼻甲明显骨质增生伴息肉形成。\n2. 鼻中隔的处理 ： （1）对于影响手术操作或术\n后通气引流的鼻中隔偏曲 ，应行鼻中隔矫正或黏膜\n下切除手术 ； （2）对于常见于 T2 炎症类型的嗅裂及', 'Chinese Medical Association\n前  言\n慢性鼻窦炎（CRS）是耳鼻咽喉头颈外科的常\n见多发病 ，其病因学及病理生理机制复杂 。在《中\n国慢性鼻窦炎诊断和治疗指南（2018） 》及欧洲鼻窦\n炎和鼻息肉意见书 （EPOS）2020 年版发表后 ，国际\n上 CRS 相关免疫病理学以及包括生物治疗在内的\n临床治疗研究均取得了显著进展 ；我国 CRS 的临床\n诊疗和科学研究水平也迅速提高 ，基于临床表型和\n免疫病理分型的 CRS 发病机制、免疫病理学特征及\n相关临床预后研究 ，以及生物制剂临床治疗的随机\n对照试验（RCT）研究等取得了具有国际前沿水平\n的成果 ，促进了 CRS 诊疗策略的个体化和精细化 。\n为顺应临床诊疗研究和实践的发展需求 ， 《中华耳\n鼻咽喉头颈外科杂志》编辑委员会鼻科组联合中华\n医学会耳鼻咽喉头颈外科学分会鼻科学组 ，决定对\n《中国慢性鼻窦炎诊断和治疗指南 （2018） 》进行修\n订。本次修订基于我国循证医学研究的结果 ，针对\n备受瞩目的临床若干问题进行重新审定 、补充完\n善，使之更易于临床推广应用 。需要指出的是 ，鼻', '痛，鼻腔常可见大片组织坏死形成的黑色或褐色\n物质。\n真菌球型鼻窦炎为临床常见类型 ，以上颌窦和\n蝶窦多见 ，主要表现为鼻腔血性分泌物 ，伴或不伴\n鼻 塞，常 见 头 痛，鼻 窦 CT 可 见 窦 内 密 度 增 高 钙\n化影。\n变应性真菌性鼻窦炎是由真菌过敏原引起的\n鼻窦黏膜Ⅰ型变态反应性炎症 ，常合并鼻息肉 。组\n织病理学检查可见真菌染色阳性 、明显的嗜酸粒细\n胞黏蛋白 、Charcot⁃Leyden 晶体、无真菌侵犯鼻窦组\n织等特点 。CT 特征性影像改变为鼻窦窦腔内密度\n不均匀的软组织影 ，可伴有窦腔扩大 ；MRI 上 T1 和\nT2 序 列 均 可 见 信 号 空 洞。外 周 血 嗜 酸 粒 细 胞 增\n多，窦腔分泌物真菌培养阳性\n［3］\n。\n二、后鼻孔息肉\n后鼻孔息肉可由窦口穿出并突入至后鼻孔 ，分\n别占成人鼻息肉的 10% 和儿童鼻息肉的 33%\n［84⁃85］\n。\n息肉可起源自上颌窦 、蝶窦和筛窦等部位 ，源自上\n颌窦者最常见\n［86］\n，多为单侧 。常见症状为鼻塞 ，内\n镜下可见鼻腔后部光滑息肉样新生物 ，蒂多源自中']",无手术指征相关内容。,规范药物治疗≥12周无效，结构异常、息肉、并发症,0.0,,
免疫治疗(脱敏)适用人群？,"['表 6 过敏原免疫治疗全身不良反应的处理\n［ 144 ， 157 ］\n分级\n轻 、 中度全身不良反应\n严重全身不良反应\n过敏性休克\n临床表现\n皮丘直径 > 4 cm （ 发红 、 瘙\n痒刺激 、 伪足 ） ， 反应经\n淋巴管和 / 或血管初期\n播 散 ， 并 发 鼻 炎 、 结 膜\n炎 、 哮 喘 、 扩 散 性 皮 疹\n或荨麻疹表现\n手 足 心 瘙 痒 、 头 皮 瘙 痒 、\n全身皮肤潮红 、 风团样\n皮 疹 （ 出 现 越 早 ， 病 情\n越凶险 ） ； 呼吸困难 、 呼\n吸 急 促 、 声 音 嘶 哑 、 腹\n痛 、 恶心 、 呕吐等\n面 色 苍 白 、 皮 肤 湿 冷 、 血\n压 下 降 、 神 智 改 变 、 大\n小便失禁\n处理措施\n· 在过敏原注射部位近心端扎止血带\n· 采用 0 . 1 ~ 0 . 2 ml 的肾上腺素液 （ 1 ∶ 1 000 ） 在过敏原注射部位周围封闭注射 ， 必要时多次\n注射 ， 每 15 分钟注射 1 次\n· 局部涂搽糖皮质激素乳剂\n· 建立静脉通道\n· 肌肉注射抗组胺药 ， 如苯海拉明 40 mg\n· 使用速效 β 2 受体激动剂', '身轻中度不良反应发生率呈下降趋势\n［ 158 ］\n。 目前的\n证据显示集群免疫治疗的全身不良反应发生率与\n常规免疫治疗并无显著性差异\n［ 159 ］\n。\n（ 1 ） 局部不良反应的处理 ： 轻度局部反应可采\n取如下措施进行处理 ： ① 口服抗组胺药 ； ② 局部冷\n敷或涂搽糖皮质激素类软膏 ； ③ 调整 （ 减少 ） 剂量 。\n如果局 部不良反应较严重 ， 如丘疹直径 > 4 cm （ 发\n红 、 瘙痒刺激 、 伪足 ） ， 则可在上述处理的基 础上 ：\n① 在过敏原注射部位近心端扎止血带 ； ② 采用 0 . 1 ~\n0 . 2 ml 的肾上腺素 （ 1 ∶ 1 000 ） 在过敏原注射部位周\n围封闭注射 ； ③ 必要时肌肉或静脉注射抗组胺药 。\n（ 2 ） 全身不良反应的处理 ： 全身不良反应的处\n理措施见表 6\n［ 144 ， 157 ］\n。 如果本次注射过敏原疫苗后\n出现的全身不良反应属轻 、 中度 ， 经对症处理后 ， 可\n继续皮下免疫治疗 ， 但下次需减少剂量 。 如出现重\n表 5 过敏原免疫治疗全身不良反应分级\n［ 144 ， 156 ］\n级别\n0 级\nⅠ 级\nⅡ 级', '差别 ， 但集群免疫治疗可较早出现临床疗效\n［ 151 ］\n。\n1 . 临床操作规范 ： 临床开展皮下免疫治疗应由\n接受过相关专业培训的医务人员进行 ， 严格遵循操\n作规范 ， 包括以下 3 方面内容\n［ 141 ， 149 ， 152 ‑ 154 ］\n。\n（ 1 ） 注射前 ： 医护人员首先应对治疗和抢救所\n需设备进行检查 ， 检查过敏原疫苗包装 、 批号 、 浓度\n和有效期 。 对患者应询问上次注射后出现的不良\n反应及其处置情况 、 近期接触过敏原情况 、 是否并\n发感染和其他疾病 、 是否妊娠等 。 然后询问是否接\n受疫苗接种 、 是否使用其他相关药物 、 近期使用药\n物的剂量变化 （ 特别是抗过敏药物 ） 。 复核 FEV\n1\n检\n测结果 （ 如 FEV\n1\n< 70 % 预计值则不予注射 ） ， 并将上\n述内容详细记录存档 。 出现下列情况之一时 ， 应考\n虑推迟免疫治疗 ： ① 1 周内有发热或急性呼吸道感\n染病史 ； ② 近期肺功能显著下降 ； ③ 注射前有过敏\n反应发作 ； ④ 特应性皮炎或湿疹发作期 ； ⑤ 最近接', '量少 （ 1 ~ 2 种 ） ， 最好是单一尘螨或蒿属花粉过敏的\n患者\n［ 144 ］\n。 皮下免疫治疗通常在 5 岁以上的患者中\n开展 ， 舌下免疫治疗可以放宽到 3 岁 ， 具体需遵循\n药品说明书中的年龄规定 。 免疫治疗没有绝对的\n年龄上限 ， 但要充分评估老年人基础性疾病的影\n响 ， 还要考虑其依从性和风险获益比 。 有报道认为\n在老年患者中开展免疫治疗 ， 有助于减少糖皮质激\n素的用量 ， 从而减少不良反应\n［ 145 ］\n。\n免疫治疗尤其适用于以下患者\n［ 146 ］\n： ① 用常规\n药物治疗和过敏原回避等措施不能有效控制症状\n者 ； ② 需要大剂量药物和 / 或多种药物联合使用方\n能控制症状者 ； ③ 药物治疗引起不良反应者 ； ④ 希\n望避免长期使用药物者 ； ⑤ 希望预防 AR 或哮喘发\n病者 。 对出现严重不良反应 、 无法频繁至医院等不\n能 进 行 皮 下 免 疫 治 疗 的 患 者 ， 可 考 虑 舌 下 免 疫\n治疗\n［ 114 ］\n。\n2 . 禁忌证 ： 包括绝对禁忌证和相对禁忌证 。\n绝对禁忌证包括 ： ① 未控制的或重症哮喘 ［ 第', '量累加和剂量维持两个阶段 ， 总疗程为 3 年 ， 推荐\n使用标准化过敏原疫苗 。 值得注意的是 ， 针对不同\n过敏原 、 不同厂商生产的过敏原疫苗的剂量及浓度\n单位尚未统一 ， 其疗效和安全性均有差别 ， 治疗方\n案也不尽相同 。 因此 ， 在进行皮下免疫治疗时 ， 宜\n在确保安全性的前提下 ， 充分依据已有临床研究结\n果 ， 根据患者的病情调整治疗方案 。\n（ 一 ） 适应证与禁忌证\n1 . 适应证 ： 免疫治疗适用于过敏原特异性 IgE\n介导的疾病 ， 包括 AR 、 变应性结膜炎和变应性哮\n喘 。 根据临床症状 、 体征 、 SPT 和 / 或血清特异性 IgE\n检测结果阳性确诊疾病者 ， 适宜进行免疫治疗 ， 在\n疾 病 初 期 即 可 开 展 ， 无 需 以 药 物 治 疗 失 败 为 前\n提\n［ 143 ］\n。 根据目前国内可供临床使用的标准化过敏\n原疫苗种类 ， 免疫治疗适用于由屋尘螨 、 粉尘螨以\n及黄花蒿花粉过敏导致的 AR ， 合并其他过敏原数\n量少 （ 1 ~ 2 种 ） ， 最好是单一尘螨或蒿属花粉过敏的\n患者\n［ 144 ］', '表 5 过敏原免疫治疗全身不良反应分级\n［ 144 ， 156 ］\n级别\n0 级\nⅠ 级\nⅡ 级\nⅢ 级\nⅣ 级\n名称\n无全身反应\n轻度全身反应\n中度全身反应\n严重 （ 非致命 ） 全身反应\n过敏性休克\n症状\n无症状或症状与免疫治疗无关\n局部荨麻疹 、 鼻炎或轻度哮喘 （ PEF 较基础值下降 < 20 % ）\n发生缓慢 （ > 15 min ） ， 出现全身荨麻疹和 / 或中度哮喘 （ PEF 较基础值下降 < 40 % ）\n发生迅速 （ < 15 min ） ， 出现全身荨麻疹 、 血管性水肿或严重哮喘 （ PEF 较基础值下降 > 40 % ）\n迅速出现全身瘙痒 、 潮红 、 红斑 、 全身性荨麻疹 、 喘鸣 （ 血管性水肿 ） 、 哮喘发作 、 低血压休克等\n注 ： PEF 为呼气峰流速\n·· 117', '（ 3 ） 注射后 ： 患者留观至少 30 min 。 嘱随时报\n告身体任何不适 。 留观结束前 ， 记录局部和全身不\n良反应 。 患儿应有监护人照顾 。 嘱患者在注射当\n天尽量避免接触相关过敏原 ， 避免剧烈运动 、 热水\n淋浴和饮酒等 。 出现不适应与从事免疫治疗的医\n护人员及时联系 。\n皮下免疫治疗需要频繁注射 ， 每次均要求患者\n去医院就诊 ， 这在一定程度上限制了皮下免疫治疗\n的临床应用\n［ 155 ］\n。\n2 . 不良反应 ： 皮下免疫治疗不良反应可分为局\n部不良反应和全身不良反应 。 局部反应主要包括\n局部瘙痒 、 风团 、 肿胀 、 硬结 、 坏死等 。 红肿反应一\n般 24 h 内自行消退 ， 不影响治疗 ； 如果连续发生红\n肿反应 ， 提示剂量过大 ， 应予减量并予局部对症处\n理 。 全身不良反应分为 5 级 ， 如表 5 所示\n［ 144 ， 156 ］\n， 最\n危险的当属严重过敏反应 ， 应即时按照诊疗指南进\n行急救\n［ 157 ］\n。 随着皮下免疫治疗的规范化管理 ， 全\n身轻中度不良反应发生率呈下降趋势\n［ 158 ］\n。 目前的', 'fmx_T3RoZXJNaXJyb3Jz\n中华耳鼻咽喉头颈外科杂志 2022 年 2 月第 57 卷第 2 期 Chin J Otorhinolaryngol Head Neck Surg , February 2022 , Vol . 57 , No . 2\n（ 二 ） 皮下免疫治疗\n自 191 1 年 问 世 以 来 ， 皮 下 免 疫 治 疗 经 历 了\n100 余 年 历 史 ， 在 AR 治 疗 体 系 中 占 据 重 要 地\n位\n［ 139 ‑ 141 ， 149 - 150 ］\n。 根据剂量累加阶段注射频率的不同 ，\n皮下免疫治疗可分为常规免疫治疗和加速免疫治\n疗 ， 后者又可分为集群免疫治疗和冲击免疫治疗 。\n目前国内临床应用较多的是常规免疫治疗和集群免\n疫治疗 。 常规免疫治疗剂量累加阶段需 3 ~ 6 个月 ， 此\n间每周注射 1 次 ， 每次 1 针 。 而应用尘螨过敏原疫苗\n进行集群免疫治疗 ， 可将剂量累加阶段缩短至 6 周 ，\n与常规免疫治疗相比 ， 其疗效和安全性均未见显著\n差别 ， 但集群免疫治疗可较早出现临床疗效\n［ 151 ］\n。']",过敏原特异性IgE介导的疾病患者，包括变应性鼻炎、变应性结膜炎和变应性哮喘，经临床症状、体征、皮肤点刺试验和/或血清特异性IgE检测阳性确诊者。尤其适用于常规药物和过敏原回避控制不佳、需大剂量或多药联用控制症状、出现药物不良反应、希望避免长期用药或希望预防疾病发作者。,中重度变应性鼻炎，明确单一/少数过敏原,,,
鼻腔冲洗作用？,"['免 疫 调 节 方 面 的 潜 力 得 到 了 越 来 越 多 的 科 学 验\n证\n［161⁃163］\n。中药在改善 CRS 患者生活质量 、减轻症\n状等方面具有一定疗效\n［164⁃166］\n，但尚缺乏高级别循\n证证据 ，可作为辅助方法 ，根据患者的不同中医证\n型，遵循辨证施治的原则进行治疗 。\n八、鼻腔冲洗\n鼻腔盐水冲洗可作为单一疗法或辅助治疗应\n用于 CRS 治疗\n［167⁃168］\n，还可用作难治性 CRS 的长期\n治疗\n［169］\n，以及妊娠期 CRS 的维持治疗\n［170］\n。CRS 患\n者术后早期进行鼻腔盐水冲洗对于清除鼻腔结痂\n和防止粘连具有良好的效果 。\n鼻腔盐水冲洗可以改善 CRS 患者的症状和生\n活质量 ，可清除鼻腔鼻窦抗原 、微生物和生物膜以\n及炎性介质 ，增强纤毛活动 ，改善黏膜上皮屏障功\n能\n［171］\n。鼻腔冲洗方法主要有盥洗法 （高容量低压\n力）和喷雾法（低容量高压力 ） ，前者可能更易使盐\n水通过窦口进入各鼻窦内 ，但究竟哪种冲洗方法疗\n效更佳 ，证据尚不充分 。有研究认为 ，高渗生理盐\n水冲洗对于减轻鼻黏膜水肿和增强纤毛摆动更有', '效更佳 ，证据尚不充分 。有研究认为 ，高渗生理盐\n水冲洗对于减轻鼻黏膜水肿和增强纤毛摆动更有\n效，但也更易引起患者不适\n［172］\n。有研究认为 ，对于\n功能性鼻窦开放术后的患者 ，采用生理盐水和透明\n质酸的混合液鼻腔冲洗可以更好地改善术后鼻部\n不适和促进黏膜转归\n［173］\n，但还需要更多研究证据\n支持 。对于 2 型炎症为主的 CRS，术后使用 3~6 个\n月持续的鼻腔冲洗 （含倍他米松 1 mg 或布地奈德\n1 mg）可获得较好的疾病控制和预后\n［174］\n。\n九、生物制剂\n目前全球已上市的 CRSwNP 生物制剂主要是\n靶向 T2 炎症的单克隆抗体 ，可显著改善糖皮质激\n素 治 疗 和 手 术 治 疗 效 果 不 佳 的 难 治 性 和 重 度\nCRSwNP 患者的鼻塞和嗅觉障碍 ，缩小息肉体积 。\n截至 2024 年 11 月底 ，美国食品药品监督管理局及\n欧洲药品管理局已批准度普利尤单抗 （抗 IL⁃4Rα\n抗体）\n［175⁃176］\n、奥马珠单抗（抗 IgE 抗体）\n［177］\n及美泊利\n珠单抗（抗 IL⁃5 抗体）\n［178⁃179］\n用于重度 CRSwNP 患者。', '腔积聚的黏液 、假膜、结痂或残留填塞物 ，采用生理\n盐水或具有保湿 、抑菌等功能的鼻腔冲洗液进行清\n洁处理 ； （2）对于影响鼻窦通气引流的囊泡进行外\n科清理； （3）若出现鼻腔或术腔粘连 ，应及时分离或\n切除粘连带组织 ，采用可吸收填塞材料或全降解鼻\n窦药物支架支撑隔断粘连 ； （4）术腔黏膜基本上皮\n化后，对于孤立的新生息肉或囊泡可局部清除或用\n药观察 ； （5）若窦腔黏膜（特别是额隐窝 ）发生局部\n水肿或息肉再生 ，可局部清除 ，放置含糖皮质激素\n的明胶海绵或全降解鼻窦药物支架等 。\n四、鼻腔填塞方法和材料\n随着可降解填塞材料与生物活性材料的不断\n发展 ，目前更推荐使用可降解材料填塞术腔 ，以期\n提 高 手 术 效 果，减 轻 患 者 术 后 不 适 和 痛 苦\n［207⁃209］\n。\n传统的不可降解材料可作为总鼻道的填塞材料 ，酌\n情辅助使用 。\n目前临床上常用的可降解材料和生物活性材\n料包括可吸收流体明胶基质 、可降解膨胀止血海绵\n以及透明质酸类凝胶\n［210］\n，除起到止血作用外 ，还可\n促进术腔转归 。荟萃分析显示 ，应用可降解载药材', '基因组机制 ） 。 快速效应可在短时间内控制急性炎\n性反应 ， 缓解症状 ； 基因效应需数日至数周起效 ， 可\n持续控制炎性反应状态 。 鼻内局部使用糖皮质激\n素可以使高浓度的药物直接作用于鼻黏膜的糖皮\n质激素受体部位而发挥治疗作用 。\n1 . 鼻用激素 ： 是 AR 的一线治疗药物 ， 临床推荐\n使用 。 其强力的抗炎特性直接影响 AR 患者鼻腔炎\n症的发展过程 ， 可显著减少炎性介质和细胞因子的\n释放 ， 抑制鼻黏膜和分泌物中嗜酸粒细胞 、 嗜碱粒\n细胞 、 中性粒细胞和单核细胞等的募集 ， 并显著降\n低由过敏原和组胺诱导的鼻腔黏膜高反应性\n［ 24 ］\n。\n鼻用激素分为第一代 （ 包括布地奈德 、 曲安奈德 、 丙\n酸倍氯米松 、 氟尼缩松 ） 和第二代 （ 包括糠酸莫米\n松 、 丙酸氟替卡松 、 糠酸氟替卡松 、 倍他米松 、 环索\n奈德 ） ， 与第一代鼻用激素相比 ， 第二代鼻用激素具\n有高亲脂性 、 与受体结合力强 、 抗炎活性更强 、 生物\n利用度低等特点\n［ 65 ］\n。 在使用时按推荐剂量每天喷', '动血管平滑肌 α 受体 ， 引起血管平滑肌收缩 ， 减少\n局部组织液生成 。 局部应用于鼻腔时 ， 可减轻鼻腔\n黏膜充血 、 肿胀状态 ， 迅速缓解鼻塞 。 减充血剂有\n两种 ， 第一种为非选择性受体激动的拟交感胺类 ，\n包括肾上腺素和麻黄碱等 ， 可以同时兴奋 α 和 β 肾\n上腺素能受体 ， 全身及局部不良反应较明显 ； 第二\n种为选择性受体激动的半拟交感胺类 （ 咪唑啉衍生\n物类 ） ， 包括羟甲唑啉 、 赛洛唑啉 、 萘甲唑啉等 ， 是目\n前常用的鼻腔减充血剂 。 减充血剂使用不当可致\n药物性鼻炎\n［ 113 ］\n。\n鼻用减充血剂可快速有效缓解鼻塞 ， 在鼻用激\n素之前应用时 ， 能扩大糖皮质激素在鼻腔的分布范\n围 ， 增强其抗炎作用 。 因此鼻用减充血剂仍然为国\n内外指南推荐治疗鼻炎的二线治疗药物 ， 临床酌情\n使用\n［ 6 ， 114 ］\n。 为减少其不良反应 ， 建议尽量选择咪唑\n啉类药物的鼻喷剂型 ， 同时建议选用较低浓度的制\n剂 ， 连续用药不超过 2 周 ， 儿童患者更需注意 。\n鼻用减充血剂的常见不良反应有鼻腔干燥 、 烧', '试验的 meta 分析显示 ， 中草药与安慰剂相比可明\n显降低持续性 AR 患者的鼻部症状总评分\n［ 118 ］\n。 另\n一项纳入 11 个随机对照试验的 meta 分析显示 ， 中\n草药与安慰剂相比可显著改善 AR 患者的生活质\n量\n［ 119 ］\n。 然而 ， AR 的中药治疗效果还需要通过高质\n量 、 大样本 、 多中心临床研究加以证实\n［ 119 - 120 ］\n。\n（ 八 ） 鼻腔盐水冲洗\n鼻腔盐水冲洗是一种安全 、 方便 、 价廉的治疗\n方法 ， 通常用于鼻腔和鼻窦炎性疾病的辅助治疗 ，\n具有稀释黏液 、 改善黏液纤毛清除功能 、 减轻黏膜\n水肿和减少鼻腔鼻窦中的过敏原负荷等作用\n［ 121 ］\n。\n目前在临床使用的鼻腔冲洗装置和方法主要有鼻\n腔灌洗 、 喷液和雾化等 ， 冲洗液包括生理盐水 、 深海\n盐水和高渗盐水等种类 。 一项 Cochrane 系统评价\n显示 ， AR 患者进行鼻腔冲洗与未行鼻腔冲洗相比\n可降低症状严重程度 ， 且无不良反应 ， 但证据的整\n体质量较低 ， 尚无持续冲洗 3 个月以上的研究数\n据\n［ 122 ］', '究证实 ， 鼻用激素在控制鼻部症状 （ 包括鼻塞 ） 方面\n优于抗组胺药 ， 在缓解眼部症状方面两者无显著差\n异\n［ 76 ‑ 78 ］\n。 一项 meta 分析显示 ， 与标准剂量相比 ， 2 倍\n剂量的鼻用激素能更好地改善成人 AR 患者的鼻部\n和眼部症状 。 对于常规剂量疗效不佳的成人 AR 患\n者 ， 可使用 2 倍剂量的鼻用激素以更有效地控制鼻\n部和眼部症状 。 2 倍剂量与标准剂量鼻用激素的\n不良事件发生率并无明显差异\n［ 79 ］\n。\n鼻用激素的安全性和耐受性良好 ， 常见的不良\n反应是局部不良反应 ， 包括鼻腔烧灼感 、 干燥 、 刺\n痛 、 鼻出血 、 咽炎和咳嗽等 ， 多为轻度 。 鼻用激素短\n期治疗 （ 疗程 2 ~ 12 周 ） 的鼻出血发生率不到 10 % ，\n与安慰剂相比无明显差异 ， 而长期治疗 （ 疗程 1 年\n表 4 变应性鼻炎常用治疗药物\n药物种类\n糖皮质激素\n第二代抗组胺药\n白三烯受体拮抗剂\n肥大细胞膜稳定剂\n减充血剂\n抗胆碱能药\n给药方式\n鼻用\n口服\n口服\n鼻用\n口服\n口服\n鼻用\n鼻用\n鼻用\n临床治疗\n一线用药\n二线用药\n一线用药\n一线用药', '交感神经反射机制 ， 应该两侧鼻腔同时进行 。 推荐\n使用标准化过敏原试剂 。\n激发试验后 15 ~ 30 min 评估反应 ， 记录产生的\n症 状 （ 表 3 ） ， 并 结 合 鼻 阻 力 检 查 结 果 进 行 综 合 判\n断\n［ 36 ］\n， 存 在 下 述 之 一 情 况 者 为 阳 性 ： ① 在 鼻 压 力\n150 Pa 下 ， 无论有无症状出现 ， 激发后双侧总鼻阻\n力比基础值增加 60 % 以上 ； ② 在鼻压力 150 Pa 下 ，\n激发后总鼻阻力增加 30 % 以上且症状评分为 3 分 ；\n③ 无论总鼻阻力如何 ， 症状评分为 4 分 。 完成试验\n后 ， 应观察至少 2 h 。\n三 、 其他检查\n包括鼻分泌物涂片细胞学检查 、 鼻灌洗液中过\n敏原特异性 IgE 和嗜酸粒细胞阳离子蛋白测定 、 血\n清过敏原组分特异性 IgE 检测 、 外周血嗜碱粒细胞\n活化试验 、 呼出气一氧化氮检测和肺功能检查等 。\n鼻分泌物涂片采用伊红美蓝染色 （ 瑞氏染色 ） ， 高倍\n显微镜下嗜酸粒细胞占比 > 5 % 为阳性 。 鼻灌洗液']",改善症状和生活质量，清除抗原、微生物、生物膜及炎性介质，增强纤毛活动，改善黏膜上皮屏障功能。,清除分泌物、过敏原、炎症因子，缓解鼻塞、辅助药物吸收,,,0.0
感冒中医辨证分型？,"['系统性分析,按改良后推荐、评审、发展和评估 (GRADE)分级,评估临床证据质量,权衡利弊,\n分级给出推荐意见。传统医学 (包括中医学)诊治普通感冒的理论和实践不在本 《指南》范畴。\n【关键词】  感冒;循证医学;指南\nDOI 10 3760 cma j cn131368-20221221-01138\nPracticeguidelinesforthediagnosisandmanagementofcommoncoldinadults 2023\nAnti-infectionCommittee EmergencyDoctorBranchofChineseMedicalDoctorAssociation\nCorrespondingauthors Zhang Jinnong Departmentof Emergency Medicine Union Hospital \nTongjiMedicalCollege HuazhongUniversityofScienceandTechnology Wuhan430022 China', '均每人每年发生 4~6 次\n[1]\n。目前尚无专门针对普通感冒的\n特异性抗病毒药物 ， 临床主要采用对症治疗，如解热镇痛\n剂、鼻充血减轻剂 、 抗组胺药、镇咳药、祛痰药等，欧美\n等国家建议除解热镇痛药物外 ， 非处方类感冒咳嗽药不用\n于 2~6 岁 以下儿童\n[3]\n； 且国内临床存在抗生素过度使用的\n情况\n[4]\n。中药治疗本病独具特色，具有缩短病程及退热时\n间，改善咳嗽、 鼻塞、流涕、咽红等临床症状和体征的功\n效，临床使用有较高的安全性和有效性 。 然而用药过程中\n存在辨证不准确， 使用不恰当情况，存在重复、叠加用药，\n容易增加腹泻 、 恶心等不良反应。为此，国家中医药管理\n局立项《中成药治疗优势病种临床应用指南》标准化项目，\n由\n中国中药协会承担 ， 由天津中医药大学第一附属医院、\n北京儿童医院牵头 ， 组织行业内中西医临床专家、指南研\n究方法学专家 、 药学专家成立中成药治疗小儿急性上呼吸\n道感染指南研究课题组 ， 遵照 GRADE 方法，并依据世界\n卫生组织（WHO）指南制定手册，遵循“循证为主、共识\n为\n辅、经验为鉴”原则，参考当前最佳证据，制定了中国\n《', 'fmx_T3RoZXJNaXJyb3Jz\n·\n指南与共识\n·\n成人普通感冒诊断和治疗临床实践指南 (2023)\n中国医师协会急诊医师分会急诊感染学组\n通信作者:张劲农,华中科技大学同济医学院附属协和医院急诊科,武汉 430022,\nEmail jnzhangxh@hust edu cn; 郭 树 彬, 首 都 医 科 大 学 附 属 北 京 朝 阳 医 院 急 诊\n科,北京100020,Email shubinguo@126 com\n【摘要】  为优化普通感冒的临床诊断和治疗,中国医师协会急诊医师分会急诊感染学组遵循\n最新国际医学指南规范化编写标准,编撰 《成人普通感冒诊断和治疗临床实践指南 (2023)》 (简\n称 《指南》)。本 《指南》编写组以 投 票 方 式 甄 选 出 15个 与 普 通 感 冒 相 关 的 关 键 性 临 床 问 题,包\n括病因学、症状学、治疗学和并发细菌感染的判 断 和 处 置,进 行 文 献 检 索 (包 括 中 文 和 外 文) 和\n系统性分析,按改良后推荐、评审、发展和评估 (GRADE)分级,评估临床证据质量,权衡利弊,', '空堡全型堕堕苤查!Q!!生!旦笙!!鲞箜!塑垦!边』鱼塑旦翌!!!塑型!Q!!!!!!：!!!№．!\n咽痛。\n2．查体：鼻腔黏膜、咽部充血、水肿、有分泌物，\n颌下淋巴结肿大且触痛，扁桃体肿大、充血，表面有\n黄色脓性分泌物。肺部常无异常体征，如存在上气\n道梗阻，可闻及喉部的喘呜音。\n3．辅助检查：\n(1)外周血常规：病毒性感染时外周血白细胞\n计数正常或偏低，淋巴细胞比例升高；细菌性感染\n时，外周白细胞总数和中性粒细胞比例增多，有核\n左移现象。\n(2)X线胸片检查：一般无需此项检查，如需鉴\n别肺炎时可考虑。\n(二)诊断方法\n根据病史、流行病学、鼻咽部的症状体征，结合\n周围血象可作出临床诊断，一般无需病因诊断。\n(三)诊断标准与诊断流程图\n上感的诊断标准与流程见图1陉3。\n注：1\nmmHg=0．133 kPa 图1急性上呼吸道感染诊断流程\n(四)鉴别诊断\n上感需与初期表现为感冒样症状的其他疾病\n相鉴别，如过敏性鼻炎、流行性感冒、急性传染病前\n驱症状(麻疹、流行性出血热、流行性脑脊髓膜炎、\n脊髓灰质炎、伤寒、斑疹伤寒)。\n(五)基层医疗机构转诊指征', '表1常用解热镇痛类药物用法及注意事项\n注：一无\n表2临床常用抗感冒药复方制剂的组成成分及作用\n注：一无\n3．中医辨证施治：有些中成药如银翘片、双黄\n连、抗病毒颗粒、鱼腥革等有辛凉解毒、清热解毒作\n用。中医中药治疗感冒有一定效果，但目前尚缺乏\n高质量的临床研究证据。\n四、健康管理\n(一)避免诱发因素\n避免受凉、过度疲劳，注意保暖；保持室内空气\n新鲜、阳光充足；在高发季节少去人群密集的公共\n场所；戒烟；防止交叉感染。\n(二)增强免疫力\n注意劳逸结合，加强体育锻炼，提高机体抵抗力\n及抗寒能力。\n(三)识别并发症并及时就诊\n药物治疗后症状不缓解，或出现耳鸣、耳痛、外\n耳道流脓等中耳炎症状，或恢复期出现胸闷、心悸，\n眼睑浮肿、腰酸或关节疼痛者，及时就诊。\n呼吸系统疾病基层诊疗指南编写专家组：\n组长：王辰迟春花\n副组长：陈荣昌\n秘书长：杨汀\n呼吸专家组成员(按姓氏拼音排序)：曹彬(中日友好\n医院)；陈虹(重庆医科大学附属第一医院)；陈荣昌\n(广州医科大学附属第一医院)；陈如冲(广州医科\n大学附属第一医院)；陈亚红(北京大学第三医院)；\n迟春花(北京大学第一医院)；董亮(山东大学附属', '共识》[14],但缺乏基于良好证据和严 格 遵 循 国 际 指\n南编写规则的成人感冒诊治指南。近年有关感冒和\n急性鼻副鼻窦炎的 诊 治 积 累 了 新 的 循 证 医 学 证 据,\n尤 其 是 全 球 新 型 冠 状 病 毒 感 染 (coronavirus\ndisease2019,COVID-19)大流行以来,人 类 对 呼\n吸系统病毒感染的诊治有了更加深入的认识,有必\n要及时将这些新的证据,在新指导性文件中有所反\n映,为临床诊治相关患者提供参考。\n《成人 普 通 感 冒 诊 断 和 治 疗 临 床 实 践 指 南\n(2023)》(简称 《指南》)目标人群为成人普通感\n冒患者,编撰方法综合参照推荐、评审、发展和评\n估 等 级 (GradesofRecommendation,Assessment,\nDevelopment,andEvaluation,GRADE)、欧洲呼\n吸学会 (EuropeanRespiratorySociety,ERS) 和\n美国胸内 科 医 师 学 会 (AmericanCollegeofChest', '6  776-783 DOI 10 1111 j 1398-9995 2009 02269 x \n 10  李璐瑒 姚宝莹 刘晓 慧 等 京 沪 两 地 看 病 调 查———京 沪 两\n地普通门诊看一次 感 冒 平 均 药 费 分 别 为 91 07 元 和 97 67\n元 J  首 都 医 药 2010 17 5  12-18 DOI 10 3969 j issn \n1005-8257 2010 05 007 \n 11  殷凯生 普通感 冒 的 流 行 病 学 与 疾 病 负 担 J  中 华 内 科 杂\n志 2012 51 4  259-260 DOI 10 3760 cma j issn 0578-\n1426 2012 04 002 \n 12  中国医师协会呼吸医师 分 会 中 国 医 师 协 会 急 诊 医 师 分 会 \n普通感冒规范诊治的专家 共 识 J  中 华 内 科 杂 志 2012 51\n 4  330-333 DOI 10 3760 cma j issn 0578-1426 2012 \n04 026', '行包括病原学在内的进一步检查吗?\n推荐意见2:对于平素 健 康 的 感 冒 患 者,诊 断\n可基于详细询问病史和体格检查,不建议做影像学\n和实验室检 查。但 对 于 合 并 有 发 热 >38℃、 气 短、\n咯血、疑似肺炎、心力衰竭、免疫缺陷、吸入性中\n毒患者,建议尽快进行相应的影像学和实验室检查\n(高质量证据)。\n推荐意见3:感冒 症 状 若 持 续 5d不 缓 解 反 而\n加重或症状持续 时 间 超 过 10d,并 出 现 以 下 情 况:\n稠厚脓性鼻涕和痰液、副鼻窦 (通常为单侧)和咽\n部疼 痛 加 剧、 发 热 ≥38 ℃、C 反 应 蛋 白 (C-\nreactive protein, CRP ) 和 降 钙 素 原\n(procalcitonin, PCT) 增 高、 红 细 胞 沉 降 率\n(erythrocytesedimentationrate,ESR) 加 快、 呼\n吸困难和 (或)血流动力学不稳定等严重状况,应\n考 虑 并 发 症, 如 继 发 急 性 细 菌 性 鼻 副 鼻 窦 炎\n(acutebacterialrhinosinusitis,ABRS)、心血管急']",不在本指南范畴。,风寒感冒、风热感冒、暑湿感冒,1.0,,
风寒vs风热感冒区别？,"['表1常用解热镇痛类药物用法及注意事项\n注：一无\n表2临床常用抗感冒药复方制剂的组成成分及作用\n注：一无\n3．中医辨证施治：有些中成药如银翘片、双黄\n连、抗病毒颗粒、鱼腥革等有辛凉解毒、清热解毒作\n用。中医中药治疗感冒有一定效果，但目前尚缺乏\n高质量的临床研究证据。\n四、健康管理\n(一)避免诱发因素\n避免受凉、过度疲劳，注意保暖；保持室内空气\n新鲜、阳光充足；在高发季节少去人群密集的公共\n场所；戒烟；防止交叉感染。\n(二)增强免疫力\n注意劳逸结合，加强体育锻炼，提高机体抵抗力\n及抗寒能力。\n(三)识别并发症并及时就诊\n药物治疗后症状不缓解，或出现耳鸣、耳痛、外\n耳道流脓等中耳炎症状，或恢复期出现胸闷、心悸，\n眼睑浮肿、腰酸或关节疼痛者，及时就诊。\n呼吸系统疾病基层诊疗指南编写专家组：\n组长：王辰迟春花\n副组长：陈荣昌\n秘书长：杨汀\n呼吸专家组成员(按姓氏拼音排序)：曹彬(中日友好\n医院)；陈虹(重庆医科大学附属第一医院)；陈荣昌\n(广州医科大学附属第一医院)；陈如冲(广州医科\n大学附属第一医院)；陈亚红(北京大学第三医院)；\n迟春花(北京大学第一医院)；董亮(山东大学附属', '学杂志，2018，28（14） ：2 181-2184.\n［14］ 陈宏霞 . 豉翘清热颗粒治疗小儿风热感冒挟滞症的临床研究\n[J]. 中 国临床研究，2011，24（9） ： 830-831.\n［15］ 胡思源 ，刘虹，贺爱燕，等 . 豉翘清热颗粒治疗小儿风热\n感冒挟滞证的临床研究 [J]. 天津中医药 ，2008，25（2） ：\nhttp://guide.medlive.cn/', '脊髓灰质炎、伤寒、斑疹伤寒)。\n(五)基层医疗机构转诊指征\n1．患者持续高热，体温>39℃，且经常规抗病毒\n抗感染治疗3\nd无效。 2．患者存在上气道梗阻，有窒息的风险。\n3．短时间内出现呼吸或循环系统衰竭症状及\n体征者。\n4．出现风湿病、肾小球肾炎或病毒性心肌炎等\n严重并发症者。\n5．一般情况差、患有严重基础疾病(如慢性心\n力衰竭、糖尿病等)或长期使用免疫抑制剂者。\n三、治疗\n(一)治疗步骤\n一般无需积极抗病毒治疗，以对症处理、休息、\n戒烟、多饮水、保持室内空气流通和防治继发细菌\n感染为主。一般不用抗菌药物，如合并细菌感染，\n可根据上呼吸道感染常见病原菌经验性选用抗菌\n药物。\n(--)治疗方案与具体治疗方法\n1．对症治疗：\n(1)一般治疗：发热、病情较重或年老体弱的患\n者应卧床休息，多饮水，保持室内空气流通，防止\n受凉。\n(2)解热镇痛药：有头痛、发热、全身肌肉酸痛\n等症状者，可酌情使用解热镇痛药，如对乙酰氨基\n酚、阿司匹林、布洛芬等。见表1。\n(3)抗鼻塞抗过敏的复方制剂：有鼻塞、鼻黏膜\n充血、水肿、咽痛等症状者，可应用盐酸伪麻黄碱等\n可选择性收缩上呼吸道黏膜血管的药物，也可用', '人 感 冒\n神 经 氨 酸 酶 抑 制 剂/玛 巴 洛 沙 韦 高 建 议 用 于 治 疗 确 诊 和 疑 诊 流 感 病 毒 感 染 , 神 经 氨 酸 酶 抑 制 剂 也 可 在 流 感 流 行 季 节 用 于 具 有 高 危 因 素 人 群 密\n切 接 触 后 预 防\n阿 比 多 尔 中 建 议 流 感 季 节 经 验 性 、 目 标 治 疗 确 诊 和 疑 诊 流 感 病 毒 感 染 , 也 可 用 于 具 有 高 危 因 素 人 群 密 切 接 触 后 预 防\n维 生 素 C 高 建 议 用 于 生 活 在 寒 冷 地 区 且 经 常 参 加 剧 烈 运 动 (如 马 拉 松 、 滑 雪 运 动 员 或 士 兵) 和 体 力 劳 动 的 人 群\n维 生 素 D 高 推 荐 用 于 维 生 素 D 缺 乏 人 群\n维 生 素 E 高 不 建 议 除 非 存 在 维 生 素 E 缺 乏\n吸 入 湿 化 加 热 的 空 气 低 不 建 议 用 于 有 支 气 管 哮 喘 的 感 冒 患 者 反 而 有 害', '均每人每年发生 4~6 次\n[1]\n。目前尚无专门针对普通感冒的\n特异性抗病毒药物 ， 临床主要采用对症治疗，如解热镇痛\n剂、鼻充血减轻剂 、 抗组胺药、镇咳药、祛痰药等，欧美\n等国家建议除解热镇痛药物外 ， 非处方类感冒咳嗽药不用\n于 2~6 岁 以下儿童\n[3]\n； 且国内临床存在抗生素过度使用的\n情况\n[4]\n。中药治疗本病独具特色，具有缩短病程及退热时\n间，改善咳嗽、 鼻塞、流涕、咽红等临床症状和体征的功\n效，临床使用有较高的安全性和有效性 。 然而用药过程中\n存在辨证不准确， 使用不恰当情况，存在重复、叠加用药，\n容易增加腹泻 、 恶心等不良反应。为此，国家中医药管理\n局立项《中成药治疗优势病种临床应用指南》标准化项目，\n由\n中国中药协会承担 ， 由天津中医药大学第一附属医院、\n北京儿童医院牵头 ， 组织行业内中西医临床专家、指南研\n究方法学专家 、 药学专家成立中成药治疗小儿急性上呼吸\n道感染指南研究课题组 ， 遵照 GRADE 方法，并依据世界\n卫生组织（WHO）指南制定手册，遵循“循证为主、共识\n为\n辅、经验为鉴”原则，参考当前最佳证据，制定了中国\n《', 'coldarefinallygivenaftercarefulweighingthebenefitandharmoftheinterventions Theprinciple\nandpracticeoftraditional medicine includingtraditionalChinese medicine inthediagnosisand\ntreatmentofcommoncoldarenotaddressedinthispaper \n【Keywords】 Commoncold Evidence-basedmedicine Guidelines\nDOI 10 3760 cma j cn131368-20221221-01138\n普通感 冒 (简 称 感 冒) 是 一 种 局 限 于 上 呼 吸\n道的病症,临床表现为鼻塞、流涕、咽痛和咳嗽等\n症候,可 由 不 同 种 类 病 毒 感 染 引 发, 为 自 限 性 疾\n病,症状持续 时 间 通 常 <10d\n[1-2]。 成 年 感 冒 患 者\n上呼吸道及 副 鼻 窦 影 像 学 研 究 表 明 [3-4], 感 冒 具 有', 'fmx_T3RoZXJNaXJyb3Jz\n现发热和咳嗽 [50-51]。比较感染流感病毒 (包括甲型\n流感 和 乙 型 流 感 ) 与 COVID-19 (SARS-CoV-2δ\n和ο变异株出现前)荟萃分析显示:发热和咳嗽是\n流感和 COVID-19常见的两大症状,COVID-19患\n者较少出现流涕 (9 3%)和咽痛 (11 5%),鼻塞\n和打喷嚏更 少 见,而 约 50% 流 感 患 者 和 30% 乙 型\n流感患者有流涕、打喷嚏等鼻腔症状 [52-54]。SARS-\nCoV-2δ 和 ο 变 异 株 较 祖 系 WA1 株 毒 力 明 显 减\n弱 [55],患者症状 多 局 限 在 上 呼 吸 道 [56],咽 痛 较 常\n见 (71% ~61%), 其 他 症 状 包 括 流 涕 (77% ~\n82%)、 头 痛 (75% ~78%)、 打 喷 嚏 (63% ~\n71%) 和 咳 嗽 (50%)[30]。2022 年 春 上 海 SARS-\nCoV-2ο变异株流行高峰期,患 者 症 状 也 主 要 局 限\n于 上 呼 吸 道, 依 次 为 咳 嗽 (57 5%)、 咳 痰', '剧 烈 运 动 人 群,VC 可 有 效 预 防 感 冒 (\nRR\n=\n0 48), 对 普 通 人 群 则 没 有 预 防 作 用 (\nRR\n=\n0 97)。Ran等 [172]荟 萃 分 析 (基 于 我 国 人 群 10 项\nRCT 研究) 结 果 显 示: 对 于 缓 解 感 冒 症 状, 应 用\nVC 联合抗病毒药优 于 单 用 抗 病 毒 药。 但 这 些 研 究\n存在一定 偏 倚, 需 要 高 质 量 研 究 才 能 得 出 肯 定 结\n论。2022 年 韩 国 一 项 DB-RCT 研 究 显 示:VC 可\n预防军事训练 中 新 兵 感 冒, 每 天 补 充 VC6g (与\n不 额 外 补 充 比 较 ), 可 降 低 感 冒 风 险 (\nRR\n=\n0 8)[173]。\n其 他 证 据: Rawat 等 [174] 荟 萃 分 析 (6 项\nCOVID-19相关 RCT 研究)结果显示:COVID-19\n患者不能获益于补充 VC (高剂量24g/d或低剂量\n1g/d)治疗, 不 支 持 VC 治 疗 一 般 人 群 呼 吸 道 病\n毒性感染。']",参考内容未提及风寒感冒与风热感冒的区别。,风寒：怕冷重、发热轻、流清涕、舌淡；风热：发热重、咽痛、黄涕、舌红,1.0,0.0,0.0
感冒常用中成药？,"['均每人每年发生 4~6 次\n[1]\n。目前尚无专门针对普通感冒的\n特异性抗病毒药物 ， 临床主要采用对症治疗，如解热镇痛\n剂、鼻充血减轻剂 、 抗组胺药、镇咳药、祛痰药等，欧美\n等国家建议除解热镇痛药物外 ， 非处方类感冒咳嗽药不用\n于 2~6 岁 以下儿童\n[3]\n； 且国内临床存在抗生素过度使用的\n情况\n[4]\n。中药治疗本病独具特色，具有缩短病程及退热时\n间，改善咳嗽、 鼻塞、流涕、咽红等临床症状和体征的功\n效，临床使用有较高的安全性和有效性 。 然而用药过程中\n存在辨证不准确， 使用不恰当情况，存在重复、叠加用药，\n容易增加腹泻 、 恶心等不良反应。为此，国家中医药管理\n局立项《中成药治疗优势病种临床应用指南》标准化项目，\n由\n中国中药协会承担 ， 由天津中医药大学第一附属医院、\n北京儿童医院牵头 ， 组织行业内中西医临床专家、指南研\n究方法学专家 、 药学专家成立中成药治疗小儿急性上呼吸\n道感染指南研究课题组 ， 遵照 GRADE 方法，并依据世界\n卫生组织（WHO）指南制定手册，遵循“循证为主、共识\n为\n辅、经验为鉴”原则，参考当前最佳证据，制定了中国\n《', '表1常用解热镇痛类药物用法及注意事项\n注：一无\n表2临床常用抗感冒药复方制剂的组成成分及作用\n注：一无\n3．中医辨证施治：有些中成药如银翘片、双黄\n连、抗病毒颗粒、鱼腥革等有辛凉解毒、清热解毒作\n用。中医中药治疗感冒有一定效果，但目前尚缺乏\n高质量的临床研究证据。\n四、健康管理\n(一)避免诱发因素\n避免受凉、过度疲劳，注意保暖；保持室内空气\n新鲜、阳光充足；在高发季节少去人群密集的公共\n场所；戒烟；防止交叉感染。\n(二)增强免疫力\n注意劳逸结合，加强体育锻炼，提高机体抵抗力\n及抗寒能力。\n(三)识别并发症并及时就诊\n药物治疗后症状不缓解，或出现耳鸣、耳痛、外\n耳道流脓等中耳炎症状，或恢复期出现胸闷、心悸，\n眼睑浮肿、腰酸或关节疼痛者，及时就诊。\n呼吸系统疾病基层诊疗指南编写专家组：\n组长：王辰迟春花\n副组长：陈荣昌\n秘书长：杨汀\n呼吸专家组成员(按姓氏拼音排序)：曹彬(中日友好\n医院)；陈虹(重庆医科大学附属第一医院)；陈荣昌\n(广州医科大学附属第一医院)；陈如冲(广州医科\n大学附属第一医院)；陈亚红(北京大学第三医院)；\n迟春花(北京大学第一医院)；董亮(山东大学附属', '充血、水肿、咽痛等症状者，可应用盐酸伪麻黄碱等\n可选择性收缩上呼吸道黏膜血管的药物，也可用\n1％麻黄碱滴鼻。有频繁喷嚏、多量流涕等症状的\n患者，可酌情选用马来酸氯苯那敏、氯雷他定或苯\n海拉明等抗过敏药物。临床常用于缓解感冒症状\n的药物均为复方非处方药(OTC)制剂。因为这类\n药物有头晕、嗜睡等不良反应，故宜在睡前服用，驾\n驶员和高空作业者避免使用。临床常用抗感冒药\n复方制剂的组成成分及作用见表2。\n(4)镇咳：对于咳嗽症状较为明显者，可给予氢\n溴酸右美沙芬、可待因等镇咳药b1。\n2．病因治疗：\n(1)抗病毒药物治疗【41：一般无需进行积极抗\n病毒治疗。\n(2)抗菌药物治疗：单纯病毒感染无需使用抗\n菌药物，有外周血白细胞计数升高、咽部脓苔、咳黄\n痰等细菌感染证据时，可酌情使用青霉素、第一代\n头孢菌素、大环内酯类或喹诺酮类。极少需要根据\n病原菌选用敏感的抗菌药物。\n万方数据', 'coldarefinallygivenaftercarefulweighingthebenefitandharmoftheinterventions Theprinciple\nandpracticeoftraditional medicine includingtraditionalChinese medicine inthediagnosisand\ntreatmentofcommoncoldarenotaddressedinthispaper \n【Keywords】 Commoncold Evidence-basedmedicine Guidelines\nDOI 10 3760 cma j cn131368-20221221-01138\n普通感 冒 (简 称 感 冒) 是 一 种 局 限 于 上 呼 吸\n道的病症,临床表现为鼻塞、流涕、咽痛和咳嗽等\n症候,可 由 不 同 种 类 病 毒 感 染 引 发, 为 自 限 性 疾\n病,症状持续 时 间 通 常 <10d\n[1-2]。 成 年 感 冒 患 者\n上呼吸道及 副 鼻 窦 影 像 学 研 究 表 明 [3-4], 感 冒 具 有', '•• 1\nCJITWM 中国中西医结合杂志\n中成药治疗小儿急性上呼吸道感染临床应用指南\n（2020 年）\n《中成药治疗优势病种临床应用指南》标准化项目组\n基金项目： 国家中医药管理局《中成药治疗优势病种临床应用指\n南》标准化项目（No. SATCM-2015-BZ402)\n通讯作者： 马 融，Tel：022-27986100，E-mail：mr1974@163.\ncom\nDOI：10. 7661/j. cjim. 20210120. 135\n• 指 南 •\n1 背景及目的和意义 小儿急性上呼吸道感染是指\n鼻腔，咽或喉部急性炎症的总称，亦常用“感冒” “急性咽\n炎\n” “急性扁桃体炎” “疱疹性咽峡炎”等名词诊断， 统称\n为上呼吸道感染， 简称“上感” ，是小儿最常见的急性感染\n性疾病\n[1]\n。病原体 90% 以上是由病毒感染引起\n[2]\n，常见\n有鼻病毒、柯萨奇病毒、流感病毒、副流感病毒、呼吸道\n合\n胞病毒、冠状病毒等。小儿急性上呼吸道感染全年都可\n发\n生，冬春季较多，门诊发病率在 61% ，5 岁以下小儿平\n均每人每年发生 4~6 次\n[1]\n。目前尚无专门针对普通感冒的', '为\n辅、经验为鉴”原则，参考当前最佳证据，制定了中国\n《\n中成药治疗小儿急性上呼吸道感染临床应用指南》 ，规范\n中成药的使用，指导全国各级各类医院医疗实践。\n本指南适用于 18 周 岁以下人群上感的治疗。本指南\n适用于各级医院儿科专业或小儿呼吸内科专业的临床执业\n医师，相关的护理人员和药师也可参考使用。若为细菌性\n急\n性上呼吸道感染 ， 请在合理使用抗菌药物的前提下应用\n本指南。\n2 指南制定方法\n2.1 临床问题构建 通过对国医大师、 临床知名专家\n访谈及专家咨询和问卷调查的方式形成本指南研究拟解决\n的重要临床问题 ，\n 共 5 个： （1）中药治疗小儿急性上呼吸\n道感染的剂量 、 疗程、优势点？ （2）不辨证使用中药是否\n对疗效有影响？ （3）是否可超说明书使用中成药？ （4）小\n儿急性上呼吸道感染是否有必要使用抗生素？（ 5）药物不\n良反应？\n2.2 中成药遴选  通 过文献检索中获得 71 种具有\n临床随机对照试验（ randomized controlled trial ，RCT）\n证据支持的药品； 经药智网中成药数据库补充检索 92 种，', '人 感 冒\n神 经 氨 酸 酶 抑 制 剂/玛 巴 洛 沙 韦 高 建 议 用 于 治 疗 确 诊 和 疑 诊 流 感 病 毒 感 染 , 神 经 氨 酸 酶 抑 制 剂 也 可 在 流 感 流 行 季 节 用 于 具 有 高 危 因 素 人 群 密\n切 接 触 后 预 防\n阿 比 多 尔 中 建 议 流 感 季 节 经 验 性 、 目 标 治 疗 确 诊 和 疑 诊 流 感 病 毒 感 染 , 也 可 用 于 具 有 高 危 因 素 人 群 密 切 接 触 后 预 防\n维 生 素 C 高 建 议 用 于 生 活 在 寒 冷 地 区 且 经 常 参 加 剧 烈 运 动 (如 马 拉 松 、 滑 雪 运 动 员 或 士 兵) 和 体 力 劳 动 的 人 群\n维 生 素 D 高 推 荐 用 于 维 生 素 D 缺 乏 人 群\n维 生 素 E 高 不 建 议 除 非 存 在 维 生 素 E 缺 乏\n吸 入 湿 化 加 热 的 空 气 低 不 建 议 用 于 有 支 气 管 哮 喘 的 感 冒 患 者 反 而 有 害', '治疗 3 天 ，可缓解咽痛、头痛、四肢酸痛症状，缩短退热\n时间（2D） 。\n使 用 条 件 ： 3~5 岁，1 次 1 粒，6~10 岁，1 次 2 粒，\n>11 岁 ， 1 次 4 粒，1 天 3 次（基于专家经验的专家共识） 。\n对于服药困难患儿，可去掉胶囊，将药粉溶于水冲服。\n安全性 ： 上述推荐意见的安全性证据尚不充分，临床\n医生在使用时需注意观察患者实际用药安全性。\n证据描述：1 项研究\n[53]\n报道了连花清瘟胶囊治疗 3 天\n对流感患儿 （120 例）发热、头痛、咽痛、肌肉痛的影\n响。对照奥司他韦颗粒 。Meta 分析结果显示，总有效率\n不 劣 于 奥 司 他 韦 颗 粒[RR=1.07，95%CI[0.98，1.28） ，\nP=0.15]； 退 热时间短于奥司他韦颗粒 [MD=-0.60，95%CI\n（-0.78，-0.42） ，P<0.0001]。\n解释说明 ： 时疫外感为小儿感冒常见证型，连花清瘟\n胶囊虽证据质量不到 B 级 ，但临床应用广泛，疗效确切，\n且用药急需 ，专家共识推荐高达 86%，但考虑该药为成人\n药品，故在此给予弱推荐。']",银翘片、双黄连、抗病毒颗粒、鱼腥草、连花清瘟胶囊。,风寒：感冒清热颗粒；风热：连花清瘟、银翘解毒；暑湿：藿香正气,1.0,,0.3333333333333333
